,,,,,,,,,,,,,,,,,,,,,,,,,,,,,,,,,,
,说明,门派,部位,,品质,价值倍率,物理防御,主属性,体质,力量,敏捷,智力,道具等级,最大修炼等级,装备需求等级,法宝超级等级,闪躲,爆击,招架,hp回复,mp回复,闪躲率,爆击率,招架率,法术防御1,法术防御2,法术防御3,法术防御4,法术防御5,最大hp+x%,,,,
ID,Desc,FactorParty,FactorType,FactorSubType,FactorColor,ValueRate,pPhyArmor,pMAttr,pCon,pStr,pDex,pWit,pItemLevel,pTrumpMaxUpdateLevel,pItemNeedLevel,pTrumpSuperLevel,pDodge,pCriticalHit,pParry,pHpRecover,pMpRecover,pDodgeRate,pCirticalHitRate,pParryRate,pMagicArmor1,pMagicArmor2,pMagicArmor3,pMagicArmor4,pMagicArmor5,pMaxHpRate,,,,
1,护具,5,3;4;5;6;7;8,,1,1.3,,ItemGetMAttr*1+1,ItemGetCon*1+1,,,,,,,,,,,,,,,,,,,,,,,,,
2,护具,5,3;4;5;6;7;8,,1,1.3,,,ItemGetCon*1.25+1,,,,,,,,,,,,,,,,,,,,,,,,,
3,护具,5,3;4;5;6;7;8,,1,1.3,,ItemGetMAttr*1.25+1,,,,,,,,,,,,,,,,,,,,,,,,,,
4,护具,5,3;4;5;6;7;8,,2,1.6,,ItemGetMAttr*1+2,ItemGetCon*1+2,,,,,,,,,,,,,,,,,,,,,,,,,
5,护具,5,3;4;5;6;7;8,,2,1.6,,,ItemGetCon*1.25+2,,,,,,,,ItemGetDodge*1,,,,,,,,,,,,,,,,,
6,护具,5,3;4;5;6;7;8,,2,1.6,,ItemGetMAttr*1.25+2,,,,,,,,,,ItemGetCHit*1,,,,,,,,,,,,,,,,
7,护具,5,3;4;5;6;7;8,,3,2,,ItemGetMAttr*1+3,ItemGetCon*1+3,,,,,,,,,,,,,,,,,,,,,,,,,
8,护具,5,3;4;5;6;7;8,,3,2,,,ItemGetCon*1.25+3,,,,,,,,ItemGetDodge*1,,,,,,,,,,,,,,,,,
9,护具,5,3;4;5;6;7;8,,3,2,,ItemGetMAttr*1.25+3,,,,,,,,,,ItemGetCHit*1,,,,,,,,,,,,,,,,
10,护具,,,,0,2,"DRRToArmor(0.20,60)/6+2",ItemGetMAttr*1+3,ItemGetCon*1+3,,,,,,,,ItemGetDodge*1,,,,,,,,,,,,,,,,,
11,护具,,,,0,2,,,ItemGetCon*1.25+3,,,,,,,,,ItemGetCHit*1,,,,,,,"DRRToArmor(0.20,60)/6+2","DRRToArmor(0.20,60)/6+2","DRRToArmor(0.20,60)/6+2","DRRToArmor(0.20,60)/6+2","DRRToArmor(0.20,60)/6+2",,,,,
12,护具,5,3;4;5;6;7;8,,4,2.25,,ItemGetMAttr*1+4,ItemGetCon*1+4,,,,,,,,,,,,,,,,,,,,,,,,,
13,护具,5,3;4;5;6;7;8,,4,2.25,,,ItemGetCon*1.25+4,,,,,,,,ItemGetDodge*1,,,,,,,,,,,,,,,,,
14,护具,5,3;4;5;6;7;8,,4,2.25,,ItemGetMAttr*1.25+4,,,,,,,,,,ItemGetCHit*1,,,,,,,,,,,,,,,,
15,护具,5,3;4;5;6;7;8,,5,2.5,,ItemGetMAttr*1+5,ItemGetCon*1+5,,,,,,,,,,,,,,,,,,,,,,,,,
16,护具,5,3;4;5;6;7;8,,5,2.5,,,ItemGetCon*1.25+5,,,,,,,,ItemGetDodge*1,,,,,,,,,,,,,,,,,
17,护具,5,3;4;5;6;7;8,,5,2.5,,ItemGetMAttr*1.25+5,,,,,,,,,,ItemGetCHit*1,,,,,,,,,,,,,,,,
18,护具,5,3;4;5;6;7;8,,6,2.75,,ItemGetMAttr*1+6,ItemGetCon*1+6,,,,,,,,,,,,,,,,,,,,,,,,,
19,护具,5,3;4;5;6;7;8,,6,2.75,,,ItemGetCon*1.25+6,,,,,,,,ItemGetDodge*1,,,,,,,,,,,,,,,,,
20,护具,5,3;4;5;6;7;8,,6,2.75,,ItemGetMAttr*1.25+6,,,,,,,,,,ItemGetCHit*1,,,,,,,,,,,,,,,,
21,护具,5,3;4;5;6;7;8,,7,3,,ItemGetMAttr*1+7,ItemGetCon*1+7,,,,,,,,,,,,,,,,,,,,,,,,,
22,护具,5,3;4;5;6;7;8,,7,3,,,ItemGetCon*1.25+7,,,,,,,,ItemGetDodge*1,,,,,,,,,,,,,,,,,
23,护具,5,3;4;5;6;7;8,,7,3,,ItemGetMAttr*1.25+7,,,,,,,,,,ItemGetCHit*1,,,,,,,,,,,,,,,,
24,护具,,,,0,1.6,,,ItemGetCon*1.25+2,,,,,,,,ItemGetDodge*1,,,,,,,,"DRRToArmor(0.20,40)/6+2","DRRToArmor(0.20,40)/6+2","DRRToArmor(0.20,40)/6+2","DRRToArmor(0.20,40)/6+2","DRRToArmor(0.20,40)/6+2",,,,,
25,护具,,,,0,1.6,,,ItemGetCon*1.25+2,,,,,,,,ItemGetDodge*1,,,,,,,,"DRRToArmor(0.20,50)/6+2","DRRToArmor(0.20,50)/6+2","DRRToArmor(0.20,50)/6+2","DRRToArmor(0.20,50)/6+2","DRRToArmor(0.20,50)/6+2",,,,,
26,护具,,,,0,1.6,,,ItemGetCon*1.25+2,,,,,,,,ItemGetDodge*1,,,,,,,,"DRRToArmor(0.20,60)/6+2","DRRToArmor(0.20,60)/6+2","DRRToArmor(0.20,60)/6+2","DRRToArmor(0.20,60)/6+2","DRRToArmor(0.20,60)/6+2",,,,,
51,扳指,5,9,,1,1.3,,,,,,,,,,,,,,ItemGetHpRecover*0.5,,,,,,,,,,,,,,
52,扳指,5,9,,1,1.3,,,,,,,,,,,,,,,ItemGetMpRecover*0.5,,,,,,,,,,,,,
53,扳指,5,9,,1,1.3,,,,,,,,,,,,,,ItemGetHpRecover*0.3,ItemGetMpRecover*0.5,,,,,,,,,,,,,
54,扳指,5,9,,2,1.6,,,ItemGetCon*1+1,,,,,,,,,,,ItemGetHpRecover*0.3,ItemGetMpRecover*0.5,ItemGetDodgeRate,,,,,,,,,,,,
55,扳指,5,9,,2,1.6,,,ItemGetCon*1+1,,,,,,,,,,,ItemGetHpRecover*0.3,ItemGetMpRecover*0.5,,ItemGetCHitRate,,,,,,,,,,,
56,扳指,5,9,,2,1.6,,,ItemGetCon*1+1,,,,,,,,,,,ItemGetHpRecover*0.5,,,,ItemGetParryRate,,,,,,,,,,
57,扳指,5,9,,3,2,,,ItemGetCon*1+3,,,,,,,,,,,ItemGetHpRecover*0.3,ItemGetMpRecover*0.5,ItemGetDodgeRate,,,,,,,,,,,,
58,扳指,5,9,,3,2,,,ItemGetCon*1+3,,,,,,,,,,,ItemGetHpRecover*0.3,ItemGetMpRecover*0.5,,ItemGetCHitRate,,,,,,,,,,,
59,扳指,5,9,,3,2,,,ItemGetCon*1+3,,,,,,,,,,,ItemGetHpRecover*0.5,,,,ItemGetParryRate,,,,,,,,,,
60,扳指,5,9,,,1,,,5,,,,,,,,,,,5,10,2,2,,,,,,,,,,,
61,扳指,5,9,,,1,,,10,,,,,,,,,,,,,,,,,,,,,,,,,
62,扳指,5,9,,4,2.25,,,ItemGetCon*1+4,,,,,,,,,,,ItemGetHpRecover*0.3,ItemGetMpRecover*0.5,ItemGetDodgeRate,,,,,,,,,,,,
63,扳指,5,9,,4,2.25,,,ItemGetCon*1+4,,,,,,,,,,,ItemGetHpRecover*0.3,ItemGetMpRecover*0.5,,ItemGetCHitRate,,,,,,,,,,,
64,扳指,5,9,,4,2.25,,,ItemGetCon*1+4,,,,,,,,,,,ItemGetHpRecover*0.5,,,,ItemGetParryRate,,,,,,,,,,
65,扳指,5,9,,5,2.5,,,ItemGetCon*1+5,,,,,,,,,,,ItemGetHpRecover*0.3,ItemGetMpRecover*0.5,ItemGetDodgeRate,,,,,,,,,,,,
66,扳指,5,9,,5,2.5,,,ItemGetCon*1+5,,,,,,,,,,,ItemGetHpRecover*0.3,ItemGetMpRecover*0.5,,ItemGetCHitRate,,,,,,,,,,,
67,扳指,5,9,,5,2.5,,,ItemGetCon*1+5,,,,,,,,,,,ItemGetHpRecover*0.5,,,,ItemGetParryRate,,,,,,,,,,
68,扳指,5,9,,6,2.75,,,ItemGetCon*1+6,,,,,,,,,,,ItemGetHpRecover*0.3,ItemGetMpRecover*0.5,ItemGetDodgeRate,,,,,,,,,,,,
69,扳指,5,9,,6,2.75,,,ItemGetCon*1+6,,,,,,,,,,,ItemGetHpRecover*0.3,ItemGetMpRecover*0.5,,ItemGetCHitRate,,,,,,,,,,,
70,扳指,5,9,,6,2.75,,,ItemGetCon*1+6,,,,,,,,,,,ItemGetHpRecover*0.5,,,,ItemGetParryRate,,,,,,,,,,
71,扳指,5,9,,7,3,,,ItemGetCon*1+7,,,,,,,,,,,ItemGetHpRecover*0.3,ItemGetMpRecover*0.5,ItemGetDodgeRate,,,,,,,,,,,,
72,扳指,5,9,,7,3,,,ItemGetCon*1+7,,,,,,,,,,,ItemGetHpRecover*0.3,ItemGetMpRecover*0.5,,ItemGetCHitRate,,,,,,,,,,,
73,扳指,5,9,,7,3,,,ItemGetCon*1+7,,,,,,,,,,,ItemGetHpRecover*0.5,,,,ItemGetParryRate,,,,,,,,,,
74,扳指,5,9,,,1,,,55,,,,,,,,,,,,,,,,220,220,220,220,220,,,,,
75,扳指,5,9,,,1,,,,22,,,,,,,,,,,,,,,220,220,220,220,220,,,,,
76,扳指,5,9,,,1,,,,,,22,,,,,,,,,,,,,220,220,220,220,220,,,,,
77,扳指,5,9,,,1,,,,,22,,,,,,,,,,,,,,220,220,220,220,220,,,,,
78,扳指,5,9,,,1,,,15,15,15,15,,,,,,,,,,,5,,,,,,,,,,,
79,扳指,5,9,,,1.6,,,,,,,,,,,,,,10,10,5,5,,,,,,,,,,,
80,扳指,5,9,,,1,,,5,,,,,,,,,,,,,,,,50,50,50,50,50,,,,,
81,呼风戒指,5,9,,,1,100,,,,,,,,,,,,,,,2,3,,100,100,100,100,100,,,,,
82,龙虎戒指,5,9,,,1,300,,,,,,,,,,,,,,,6,6,,300,300,300,300,300,,,,,
83,情意指环,5,9,,,1,,,3,3,3,3,,,,,,,,,,3,2,,,,,,,,,,,
101,护身符,5,10,,1,1.3,,,,,,,,,,,,,,,,,,,ItemGetMagicArmor(1),,,,,,,,,
102,护身符,5,10,,1,1.3,,,,,,,,,,,,,,,,,,,,ItemGetMagicArmor(2),,,,,,,,
103,护身符,5,10,,1,1.3,,,,,,,,,,,,,,,,,,,,,ItemGetMagicArmor(3),,,,,,,
104,护身符,5,10,,1,1.3,,,,,,,,,,,,,,,,,,,,,,ItemGetMagicArmor(4),,,,,,
105,护身符,5,10,,1,1.3,,,,,,,,,,,,,,,,,,,,,,,ItemGetMagicArmor(5),,,,,
106,护身符,5,10,,2,1.6,,,ItemGetCon*1+1,,,,,,,,,,,,,,,,ItemGetMagicArmor(1)*0.5,ItemGetMagicArmor(2)*0.5,ItemGetMagicArmor(3)*0.5,ItemGetMagicArmor(4)*0.5,ItemGetMagicArmor(5)*0.5,ItemGetEquipLev/10+1,5,,,
107,护身符,5,10,,2,1.6,,,ItemGetCon*1+1,,,,,,,,,,,,,,,,ItemGetMagicArmor(1)*1.5,,,,,,,,,
108,护身符,5,10,,2,1.6,,,ItemGetCon*1+1,,,,,,,,,,,,,,,,,ItemGetMagicArmor(2)*1.5,,,,,,,,
109,护身符,5,10,,2,1.6,,,ItemGetCon*1+1,,,,,,,,,,,,,,,,,,ItemGetMagicArmor(3)*1.5,,,,,,,
110,护身符,5,10,,2,1.6,,,ItemGetCon*1+1,,,,,,,,,,,,,,,,,,,ItemGetMagicArmor(4)*1.5,,,,,,
111,护身符,5,10,,2,1.6,,,ItemGetCon*1+1,,,,,,,,,,,,,,,,,,,,ItemGetMagicArmor(5)*1.5,,,,,
112,护身符,5,10,,3,2,,,ItemGetCon*1+3,,,,,,,,,,,,,,,,ItemGetMagicArmor(1),ItemGetMagicArmor(2),ItemGetMagicArmor(3),ItemGetMagicArmor(4),ItemGetMagicArmor(5),ItemGetEquipLev/10+2,8,,,
113,护身符,5,10,,3,2,,,ItemGetCon*1+3,,,,,,,,,,,,,,,,ItemGetMagicArmor(1)*2,,,,,,,,,
114,护身符,5,10,,3,2,,,ItemGetCon*1+3,,,,,,,,,,,,,,,,,ItemGetMagicArmor(2)*2,,,,,,,,
115,护身符,5,10,,3,2,,,ItemGetCon*1+3,,,,,,,,,,,,,,,,,,ItemGetMagicArmor(3)*2,,,,,,,
116,护身符,5,10,,3,2,,,ItemGetCon*1+3,,,,,,,,,,,,,,,,,,,ItemGetMagicArmor(4)*2,,,,,,
117,护身符,5,10,,3,2,,,ItemGetCon*1+3,,,,,,,,,,,,,,,,,,,,ItemGetMagicArmor(5)*2,,,,,
118,护身符,5,10,,1,1.3,,,,,,,,,,,,,,,,,,,ItemGetMagicArmor(1),,,,,,,,,
119,护身符,5,10,,4,2.25,,,ItemGetCon*1+4,,,,,,,,,,,,,,,,ItemGetMagicArmor(1),ItemGetMagicArmor(2),ItemGetMagicArmor(3),ItemGetMagicArmor(4),ItemGetMagicArmor(5),ItemGetEquipLev/10+3,10,,,
120,护身符,5,10,,4,2.25,,,ItemGetCon*1+4,,,,,,,,,,,,,,,,ItemGetMagicArmor(1)*2,,,,,,,,,
121,护身符,5,10,,4,2.25,,,ItemGetCon*1+4,,,,,,,,,,,,,,,,,ItemGetMagicArmor(2)*2,,,,,,,,
122,护身符,5,10,,4,2.25,,,ItemGetCon*1+4,,,,,,,,,,,,,,,,,,ItemGetMagicArmor(3)*2,,,,,,,
123,护身符,5,10,,4,2.25,,,ItemGetCon*1+4,,,,,,,,,,,,,,,,,,,ItemGetMagicArmor(4)*2,,,,,,
124,护身符,5,10,,4,2.25,,,ItemGetCon*1+4,,,,,,,,,,,,,,,,,,,,ItemGetMagicArmor(5)*2,,,,,
125,护身符,5,10,,5,2.5,,,ItemGetCon*1+5,,,,,,,,,,,,,,,,ItemGetMagicArmor(1),ItemGetMagicArmor(2),ItemGetMagicArmor(3),ItemGetMagicArmor(4),ItemGetMagicArmor(5),ItemGetEquipLev/10+4,,,,
126,护身符,5,10,,5,2.5,,,ItemGetCon*1+5,,,,,,,,,,,,,,,,ItemGetMagicArmor(1)*2,,,,,,,,,
127,护身符,5,10,,5,2.5,,,ItemGetCon*1+5,,,,,,,,,,,,,,,,,ItemGetMagicArmor(2)*2,,,,,,,,
128,护身符,5,10,,5,2.5,,,ItemGetCon*1+5,,,,,,,,,,,,,,,,,,ItemGetMagicArmor(3)*2,,,,,,,
129,护身符,5,10,,5,2.5,,,ItemGetCon*1+5,,,,,,,,,,,,,,,,,,,ItemGetMagicArmor(4)*2,,,,,,
130,护身符,5,10,,5,2.5,,,ItemGetCon*1+5,,,,,,,,,,,,,,,,,,,,ItemGetMagicArmor(5)*2,,,,,
131,护身符,5,10,,6,2.75,,,ItemGetCon*1+6,,,,,,,,,,,,,,,,ItemGetMagicArmor(1),ItemGetMagicArmor(2),ItemGetMagicArmor(3),ItemGetMagicArmor(4),ItemGetMagicArmor(5),ItemGetEquipLev/10+5,,,,
132,护身符,5,10,,6,2.75,,,ItemGetCon*1+6,,,,,,,,,,,,,,,,ItemGetMagicArmor(1)*2,,,,,,,,,
133,护身符,5,10,,6,2.75,,,ItemGetCon*1+6,,,,,,,,,,,,,,,,,ItemGetMagicArmor(2)*2,,,,,,,,
134,护身符,5,10,,6,2.75,,,ItemGetCon*1+6,,,,,,,,,,,,,,,,,,ItemGetMagicArmor(3)*2,,,,,,,
135,护身符,5,10,,6,2.75,,,ItemGetCon*1+6,,,,,,,,,,,,,,,,,,,ItemGetMagicArmor(4)*2,,,,,,
136,护身符,5,10,,6,2.75,,,ItemGetCon*1+6,,,,,,,,,,,,,,,,,,,,ItemGetMagicArmor(5)*2,,,,,
137,护身符,5,10,,7,3,,,ItemGetCon*1+7,,,,,,,,,,,,,,,,ItemGetMagicArmor(1),ItemGetMagicArmor(2),ItemGetMagicArmor(3),ItemGetMagicArmor(4),ItemGetMagicArmor(5),ItemGetEquipLev/10+6,,,,
138,护身符,5,10,,7,3,,,ItemGetCon*1+7,,,,,,,,,,,,,,,,ItemGetMagicArmor(1)*2,,,,,,,,,
139,护身符,5,10,,7,3,,,ItemGetCon*1+7,,,,,,,,,,,,,,,,,ItemGetMagicArmor(2)*2,,,,,,,,
140,护身符,5,10,,7,3,,,ItemGetCon*1+7,,,,,,,,,,,,,,,,,,ItemGetMagicArmor(3)*2,,,,,,,
141,护身符,5,10,,7,3,,,ItemGetCon*1+7,,,,,,,,,,,,,,,,,,,ItemGetMagicArmor(4)*2,,,,,,
142,护身符,5,10,,7,3,,,ItemGetCon*1+7,,,,,,,,,,,,,,,,,,,,ItemGetMagicArmor(5)*2,,,,,
143,陨星护身符,5,10,,,3,,,,,,,,,,,,,,,,2,1,,120,,,120,,,,,,
144,如意玉配,5,10,,,3,888,,6,6,6,6,,,,,,,,,,5,3,,,,,,,,,,,
145,唤雨护符,5,10,,,1,,,,,,,,,,,,,,10,10,5,4,,,,,,,,,,,
146,龙虎护符,5,10,,,1,,,,,,,,,,,,,,10,10,7,5,,,,,,,,,,,
147,健步如飞符,5,10,,,1,,,30,,,,,,,,,,,,,2,,,,,,,,,,,,
,,,,,,,,,,,,,,,,,,,,,,,,,,,,,,,,,,
151,主法宝,5,1,,1,1.3,,ItemGetMAttr*1+1,ItemGetCon*1+1,,,,,,,,,,,,,,,,,,,,,,,,,
152,主法宝,5,1,,1,1.3,,,ItemGetCon*1.25+1,,,,,,,,,,,,,,,,,,,,,,,,,
153,主法宝,5,1,,1,1.3,,ItemGetMAttr*1.25+1,,,,,,,,,,,,,,,,,,,,,,,,,,
154,主法宝,5,1,,2,1.6,,ItemGetMAttr*1+2,ItemGetCon*1+2,,,,,,,,,,,,,,,,,,,,,,,,,
155,主法宝,5,1,,2,1.6,,,ItemGetCon*1.25+2,,,,,,,,,,,,,,,,,,,,,,,,,
156,主法宝,5,1,,2,1.6,,ItemGetMAttr*1.25+2,,,,,,,,,,,,,,,,,,,,,,,,,,
157,主法宝,5,1,,3,2,,ItemGetMAttr*1+3,ItemGetCon*1+3,,,,,,,,,,,,,,,,,,,,,,,,,
158,主法宝,5,1,,3,2,,,ItemGetCon*1.25+3,,,,,,,,,,,,,,,,,,,,,,,,,
159,主法宝,5,1,,3,2,,ItemGetMAttr*1.25+3,,,,,,,,,,,,,,,,,,,,,,,,,,
160,主法宝,5,1,,4,2.25,,ItemGetMAttr*1+4,ItemGetCon*1+4,,,,,,,,,,,,,,,,,,,,,,,,,
161,主法宝,5,1,,4,2.25,,,ItemGetCon*1.25+4,,,,,,,,,,,,,,,,,,,,,,,,,
162,主法宝,5,1,,4,2.25,,ItemGetMAttr*1.25+4,,,,,,,,,,,,,,,,,,,,,,,,,,
163,主法宝,5,1,,5,2.5,,ItemGetMAttr*1+5,ItemGetCon*1+5,,,,,,,,,,,,,,,,,,,,,,,,,
164,主法宝,5,1,,5,2.5,,,ItemGetCon*1.25+5,,,,,,,,,,,,,,,,,,,,,,,,,
165,主法宝,5,1,,5,2.5,,ItemGetMAttr*1.25+5,,,,,,,,,,,,,,,,,,,,,,,,,,
166,主法宝,5,1,,6,2.75,,ItemGetMAttr*1+6,ItemGetCon*1+6,,,,,,,,,,,,,,,,,,,,,,,,,
167,主法宝,5,1,,6,2.75,,,ItemGetCon*1.25+6,,,,,,,,,,,,,,,,,,,,,,,,,
168,主法宝,5,1,,6,2.75,,ItemGetMAttr*1.25+6,,,,,,,,,,,,,,,,,,,,,,,,,,
169,主法宝,5,1,,7,3,,ItemGetMAttr*1+7,ItemGetCon*1+7,,,,,,,,,,,,,,,,,,,,,,,,,
170,主法宝,5,1,,7,3,,,ItemGetCon*1.25+7,,,,,,,,,,,,,,,,,,,,,,,,,
171,主法宝,5,1,,7,3,,ItemGetMAttr*1.25+7,,,,,,,,,,,,,,,,,,,,,,,,,,
,,,,,,,,,,,,,,,,,,,,,,,,,,,,,,,,,,
,,,,,,,,,,,,,,,,,,,,,,,,,,,,,,,,,,
201,辅助法宝,5,2,,1,1.3,,ItemGetMAttr*1+1,ItemGetCon*1+1,,,,,,,,,,,,,,,,,,,,,,,,,
202,辅助法宝,5,2,,1,1.3,,,ItemGetCon*1.25+1,,,,,,,,,,,,,,,,,,,,,,,,,
203,辅助法宝,5,2,,1,1.3,,ItemGetMAttr*1.25+1,ItemGetCon*0.75+1,,,,,,,,,,,,,,,,,,,,,,,,,
204,辅助法宝,5,2,,2,1.6,,ItemGetMAttr*1+2,ItemGetCon*1+2,,,,,,,,,,,,,,,,,,,,,,,,,
205,辅助法宝,5,2,,2,1.6,,,ItemGetCon*1.25+2,,,,,,,,,,,,,,,,,,,,,,,,,
206,辅助法宝,5,2,,2,1.6,,ItemGetMAttr*1.25+2,ItemGetCon*0.75+2,,,,,,,,,,,,,,,,,,,,,,,,,
207,辅助法宝,5,2,,3,2,,ItemGetMAttr*1+3,ItemGetCon*1+3,,,,,,,,,,,,,,,,,,,,,,,,,
208,辅助法宝,5,2,,3,2,,,ItemGetCon*1.25+3,,,,,,,,,,,,,,,,,,,,,,,,,
209,辅助法宝,5,2,,3,2,,ItemGetMAttr*1.25+3,ItemGetCon*0.75+3,,,,,,,,,,,,,,,,,,,,,,,,,
210,辅助法宝,5,2,,4,2.25,,ItemGetMAttr*1+4,ItemGetCon*1+4,,,,,,,,,,,,,,,,,,,,,,,,,
211,辅助法宝,5,2,,4,2.25,,,ItemGetCon*1.25+4,,,,,,,,,,,,,,,,,,,,,,,,,
212,辅助法宝,5,2,,4,2.25,,ItemGetMAttr*1.25+4,ItemGetCon*0.75+4,,,,,,,,,,,,,,,,,,,,,,,,,
213,辅助法宝,5,2,,5,2.5,,ItemGetMAttr*1+5,ItemGetCon*1+5,,,,,,,,,,,,,,,,,,,,,,,,,
214,辅助法宝,5,2,,5,2.5,,,ItemGetCon*1.25+5,,,,,,,,,,,,,,,,,,,,,,,,,
215,辅助法宝,5,2,,5,2.5,,ItemGetMAttr*1.25+5,ItemGetCon*0.75+5,,,,,,,,,,,,,,,,,,,,,,,,,
216,辅助法宝,5,2,,6,2.75,,ItemGetMAttr*1+6,ItemGetCon*1+6,,,,,,,,,,,,,,,,,,,,,,,,,
217,辅助法宝,5,2,,6,2.75,,,ItemGetCon*1.25+6,,,,,,,,,,,,,,,,,,,,,,,,,
218,辅助法宝,5,2,,6,2.75,,ItemGetMAttr*1.25+6,ItemGetCon*0.75+6,,,,,,,,,,,,,,,,,,,,,,,,,
219,辅助法宝,5,2,,7,3,,ItemGetMAttr*1+7,ItemGetCon*1+7,,,,,,,,,,,,,,,,,,,,,,,,,
220,辅助法宝,5,2,,7,3,,,ItemGetCon*1.25+7,,,,,,,,,,,,,,,,,,,,,,,,,
221,辅助法宝,5,2,,7,3,,ItemGetMAttr*1.25+7,ItemGetCon*0.75+7,,,,,,,,,,,,,,,,,,,,,,,,,
,,,,,,,,,,,,,,,,,,,,,,,,,,,,,,,,,,
251,法宝+7,,,,,,,,,,,,,,,,,,,,,,ItemGetEquipLev/20+1,,,,,,,,,,,
252,法宝+8,,,,,,,,,,,,,,,,,,,,,,ItemGetEquipLev/20+2,,,,,,,,,,,
253,法宝+9,,,,,,,,,,,,,,,,,,,,,,ItemGetEquipLev/20+3,,,,,,,,,,,
254,法宝+10,,,,,,,,,,,,,,,,,,,,,,ItemGetEquipLev/20+4,,,,,,,,,,,
255,法宝+11,,,,,,,,,,,,,,,,,,,,,,ItemGetEquipLev/20+5,,,,,,,,,,,
256,法宝+12,,,,,,,,,,,,,,,,,,,,,,ItemGetEquipLev/20+6,,,,,,,,,,,
261,防具+7,,,,,,,,,,,,,,,,,,,,,,,,,,,,,ItemGetEquipLev/10+2,,,,
262,防具+8,,,,,,,,,,,,,,,,,,,,,,,,,,,,,ItemGetEquipLev/10+4,,,,
263,防具+9,,,,,,,,,,,,,,,,,,,,,,,,,,,,,ItemGetEquipLev/10+6,,,,
264,防具+10,,,,,,,,,,,,,,,,,,,,,,,,,,,,,ItemGetEquipLev/10+8,,,,
265,防具+11,,,,,,,,,,,,,,,,,,,,,,,,,,,,,ItemGetEquipLev/10+10,,,,
266,防具+12,,,,,,,,,,,,,,,,,,,,,,,,,,,,,ItemGetEquipLev/10+12,,,,
,,,,,,,,,,,,,,,,,,,,,,,,,,,,,,,,,,
,,,,,,,,,,,,,,,,,,,,,,,,,,,,,,,,,,
,,,,,,,,,,,,,,,,,,,,,,,,,,,,,,,,,,
301,体质魔石1级,5,1;2;3;4;5;6;7;8,,,0.03,,,3,,,,,,,,,,,,,,,,,,,,,,,,,
302,体质魔石2级,5,1;2;3;4;5;6;7;8,,,0.06,,,5,,,,,,,,,,,,,,,,,,,,,,,,,
303,体质魔石3级,5,1;2;3;4;5;6;7;8,,,0.09,,,7,,,,,,,,,,,,,,,,,,,,,,,,,
304,体质魔石4级,5,1;2;3;4;5;6;7;8,,,0.12,,,9,,,,,,,,,,,,,,,,,,,,,,,,,
305,体质魔石5级,5,1;2;3;4;5;6;7;8,,,0.15,,,11,,,,,,,,,,,,,,,,,,,,,,,,,
311,力量魔石1级,5,1;2;3;4;5;6;7;8,,,0.03,,,,3,,,,,,,,,,,,,,,,,,,,,,,,
312,力量魔石2级,5,1;2;3;4;5;6;7;8,,,0.06,,,,5,,,,,,,,,,,,,,,,,,,,,,,,
313,力量魔石3级,5,1;2;3;4;5;6;7;8,,,0.09,,,,7,,,,,,,,,,,,,,,,,,,,,,,,
314,力量魔石4级,5,1;2;3;4;5;6;7;8,,,0.12,,,,9,,,,,,,,,,,,,,,,,,,,,,,,
315,力量魔石5级,5,1;2;3;4;5;6;7;8,,,0.15,,,,11,,,,,,,,,,,,,,,,,,,,,,,,
321,敏捷魔石1级,5,1;2;3;4;5;6;7;8,,,0.03,,,,,3,,,,,,,,,,,,,,,,,,,,,,,
322,敏捷魔石2级,5,1;2;3;4;5;6;7;8,,,0.06,,,,,5,,,,,,,,,,,,,,,,,,,,,,,
323,敏捷魔石3级,5,1;2;3;4;5;6;7;8,,,0.09,,,,,7,,,,,,,,,,,,,,,,,,,,,,,
324,敏捷魔石4级,5,1;2;3;4;5;6;7;8,,,0.12,,,,,9,,,,,,,,,,,,,,,,,,,,,,,
325,敏捷魔石5级,5,1;2;3;4;5;6;7;8,,,0.15,,,,,11,,,,,,,,,,,,,,,,,,,,,,,
331,智力魔石1级,5,1;2;3;4;5;6;7;8,,,0.03,,,,,,3,,,,,,,,,,,,,,,,,,,,,,
332,智力魔石2级,5,1;2;3;4;5;6;7;8,,,0.06,,,,,,5,,,,,,,,,,,,,,,,,,,,,,
333,智力魔石3级,5,1;2;3;4;5;6;7;8,,,0.09,,,,,,7,,,,,,,,,,,,,,,,,,,,,,
334,智力魔石4级,5,1;2;3;4;5;6;7;8,,,0.12,,,,,,9,,,,,,,,,,,,,,,,,,,,,,
335,智力魔石5级,5,1;2;3;4;5;6;7;8,,,0.15,,,,,,11,,,,,,,,,,,,,,,,,,,,,,
336,物理防御提高魔石,5,1;2;3;4;5;6;7;8,,,0.03,40,,,,,,,,,,,,,,,,,,,,,,,,,,,
337,物理防御提高魔石,5,1;2;3;4;5;6;7;8,,,0.06,80,,,,,,,,,,,,,,,,,,,,,,,,,,,
338,物理防御提高魔石,5,1;2;3;4;5;6;7;8,,,0.09,120,,,,,,,,,,,,,,,,,,,,,,,,,,,
339,物理防御提高魔石,5,1;2;3;4;5;6;7;8,,,0.12,160,,,,,,,,,,,,,,,,,,,,,,,,,,,
340,物理防御提高魔石,5,1;2;3;4;5;6;7;8,,,0.15,200,,,,,,,,,,,,,,,,,,,,,,,,,,,
341,防具提升魔石1级,5,3;4;5;6;7;8,,,,,,,,,,1,,1,,,,,,,,,,,,,,,,,,,
342,防具提升魔石2级,5,3;4;5;6;7;8,,,,,,,,,,2,,2,,,,,,,,,,,,,,,,,,,
343,防具提升魔石3级,5,3;4;5;6;7;8,,,,,,,,,,3,,3,,,,,,,,,,,,,,,,,,,
344,防具提升魔石4级,5,3;4;5;6;7;8,,,,,,,,,,4,,4,,,,,,,,,,,,,,,,,,,
345,防具提升魔石5级,5,3;4;5;6;7;8,,,,,,,,,,5,,5,,,,,,,,,,,,,,,,,,,
346,防具提升魔石6级,5,3;4;5;6;7;8,,,,,,,,,,6,,6,,,,,,,,,,,,,,,,,,,
347,防具提升魔石7级,5,3;4;5;6;7;8,,,,,,,,,,7,,7,,,,,,,,,,,,,,,,,,,
348,防具提升魔石8级,5,3;4;5;6;7;8,,,,,,,,,,8,,8,,,,,,,,,,,,,,,,,,,
349,防具提升魔石9级,5,3;4;5;6;7;8,,,,,,,,,,9,,9,,,,,,,,,,,,,,,,,,,
350,防具提升魔石10级,5,3;4;5;6;7;8,,,,,,,,,,10,,10,,,,,,,,,,,,,,,,,,,
351,法宝提升魔石1级,5,1;2,,,,,,,,,,,1,,,,,,,,,,,,,,,,,,,,
352,法宝提升魔石2级,5,1;2,,,,,,,,,,,2,,,,,,,,,,,,,,,,,,,,
353,法宝提升魔石3级,5,1;2,,,,,,,,,,,3,,,,,,,,,,,,,,,,,,,,
354,法宝提升魔石4级,5,1;2,,,,,,,,,,,4,,,,,,,,,,,,,,,,,,,,
355,法宝提升魔石5级,5,1;2,,,,,,,,,,,5,,,,,,,,,,,,,,,,,,,,
356,法宝提升魔石6级,5,1;2,,,,,,,,,,,6,,,,,,,,,,,,,,,,,,,,
357,法宝提升魔石7级,5,1;2,,,,,,,,,,,7,,,,,,,,,,,,,,,,,,,,
358,法宝提升魔石8级,5,1;2,,,,,,,,,,,8,,,,,,,,,,,,,,,,,,,,
359,法宝提升魔石9级,5,1;2,,,,,,,,,,,9,,,,,,,,,,,,,,,,,,,,
360,法宝提升魔石10级,5,1;2,,,,,,,,,,,10,,,,,,,,,,,,,,,,,,,,
361,闪躲魔石1级,5,1;2;3;4;5;6;7;8,,,,,,,,,,,,,,3,,,,,,,,,,,,,,,,,
362,闪躲魔石2级,5,1;2;3;4;5;6;7;8,,,,,,,,,,,,,,5,,,,,,,,,,,,,,,,,
363,闪躲魔石3级,5,1;2;3;4;5;6;7;8,,,,,,,,,,,,,,8,,,,,,,,,,,,,,,,,
364,闪躲魔石4级,5,1;2;3;4;5;6;7;8,,,,,,,,,,,,,,12,,,,,,,,,,,,,,,,,
365,闪躲魔石5级,5,1;2;3;4;5;6;7;8,,,,,,,,,,,,,,17,,,,,,,,,,,,,,,,,
366,闪躲魔石6级,5,1;2;3;4;5;6;7;8,,,,,,,,,,,,,,23,,,,,,,,,,,,,,,,,
367,闪躲魔石7级,5,1;2;3;4;5;6;7;8,,,,,,,,,,,,,,30,,,,,,,,,,,,,,,,,
368,闪躲魔石8级,5,1;2;3;4;5;6;7;8,,,,,,,,,,,,,,38,,,,,,,,,,,,,,,,,
369,闪躲魔石9级,5,1;2;3;4;5;6;7;8,,,,,,,,,,,,,,47,,,,,,,,,,,,,,,,,
370,闪躲魔石10级,5,1;2;3;4;5;6;7;8,,,,,,,,,,,,,,57,,,,,,,,,,,,,,,,,
371,爆击魔石1级,5,1;2;3;4;5;6;7;8,,,,,,,,,,,,,,,3,,,,,,,,,,,,,,,,
372,爆击魔石2级,5,1;2;3;4;5;6;7;8,,,,,,,,,,,,,,,5,,,,,,,,,,,,,,,,
373,爆击魔石3级,5,1;2;3;4;5;6;7;8,,,,,,,,,,,,,,,8,,,,,,,,,,,,,,,,
374,爆击魔石4级,5,1;2;3;4;5;6;7;8,,,,,,,,,,,,,,,12,,,,,,,,,,,,,,,,
375,爆击魔石5级,5,1;2;3;4;5;6;7;8,,,,,,,,,,,,,,,17,,,,,,,,,,,,,,,,
376,爆击魔石6级,5,1;2;3;4;5;6;7;8,,,,,,,,,,,,,,,23,,,,,,,,,,,,,,,,
377,爆击魔石7级,5,1;2;3;4;5;6;7;8,,,,,,,,,,,,,,,30,,,,,,,,,,,,,,,,
378,爆击魔石8级,5,1;2;3;4;5;6;7;8,,,,,,,,,,,,,,,38,,,,,,,,,,,,,,,,
379,爆击魔石9级,5,1;2;3;4;5;6;7;8,,,,,,,,,,,,,,,47,,,,,,,,,,,,,,,,
380,爆击魔石10级,5,1;2;3;4;5;6;7;8,,,,,,,,,,,,,,,57,,,,,,,,,,,,,,,,
381,招架魔石1级,5,1;2;3;4;5;6;7;8,,,,,,,,,,,,,,,,3,,,,,,,,,,,,,,,
382,招架魔石2级,5,1;2;3;4;5;6;7;8,,,,,,,,,,,,,,,,5,,,,,,,,,,,,,,,
383,招架魔石3级,5,1;2;3;4;5;6;7;8,,,,,,,,,,,,,,,,8,,,,,,,,,,,,,,,
384,招架魔石4级,5,1;2;3;4;5;6;7;8,,,,,,,,,,,,,,,,12,,,,,,,,,,,,,,,
385,招架魔石5级,5,1;2;3;4;5;6;7;8,,,,,,,,,,,,,,,,17,,,,,,,,,,,,,,,
386,招架魔石6级,5,1;2;3;4;5;6;7;8,,,,,,,,,,,,,,,,23,,,,,,,,,,,,,,,
387,招架魔石7级,5,1;2;3;4;5;6;7;8,,,,,,,,,,,,,,,,30,,,,,,,,,,,,,,,
388,招架魔石8级,5,1;2;3;4;5;6;7;8,,,,,,,,,,,,,,,,38,,,,,,,,,,,,,,,
389,招架魔石9级,5,1;2;3;4;5;6;7;8,,,,,,,,,,,,,,,,47,,,,,,,,,,,,,,,
390,招架魔石10级,5,1;2;3;4;5;6;7;8,,,,,,,,,,,,,,,,57,,,,,,,,,,,,,,,
391,HP回复魔石1级,5,1;2;3;4;5;6;7;8,,,,,,,,,,,,,,,,,1,,,,,,,,,,,,,,
392,HP回复魔石2级,5,1;2;3;4;5;6;7;8,,,,,,,,,,,,,,,,,2,,,,,,,,,,,,,,
393,HP回复魔石3级,5,1;2;3;4;5;6;7;8,,,,,,,,,,,,,,,,,3,,,,,,,,,,,,,,
394,HP回复魔石4级,5,1;2;3;4;5;6;7;8,,,,,,,,,,,,,,,,,4,,,,,,,,,,,,,,
395,HP回复魔石5级,5,1;2;3;4;5;6;7;8,,,,,,,,,,,,,,,,,5,,,,,,,,,,,,,,
396,HP回复魔石6级,5,1;2;3;4;5;6;7;8,,,,,,,,,,,,,,,,,6,,,,,,,,,,,,,,
397,HP回复魔石7级,5,1;2;3;4;5;6;7;8,,,,,,,,,,,,,,,,,7,,,,,,,,,,,,,,
398,HP回复魔石8级,5,1;2;3;4;5;6;7;8,,,,,,,,,,,,,,,,,8,,,,,,,,,,,,,,
399,HP回复魔石9级,5,1;2;3;4;5;6;7;8,,,,,,,,,,,,,,,,,9,,,,,,,,,,,,,,
400,HP回复魔石10级,5,1;2;3;4;5;6;7;8,,,,,,,,,,,,,,,,,10,,,,,,,,,,,,,,
401,MP回复魔石1级,5,1;2;3;4;5;6;7;8,,,,,,,,,,,,,,,,,,1,,,,,,,,,,,,,
402,MP回复魔石2级,5,1;2;3;4;5;6;7;8,,,,,,,,,,,,,,,,,,2,,,,,,,,,,,,,
403,MP回复魔石3级,5,1;2;3;4;5;6;7;8,,,,,,,,,,,,,,,,,,3,,,,,,,,,,,,,
404,MP回复魔石4级,5,1;2;3;4;5;6;7;8,,,,,,,,,,,,,,,,,,4,,,,,,,,,,,,,
405,MP回复魔石5级,5,1;2;3;4;5;6;7;8,,,,,,,,,,,,,,,,,,5,,,,,,,,,,,,,
406,MP回复魔石6级,5,1;2;3;4;5;6;7;8,,,,,,,,,,,,,,,,,,6,,,,,,,,,,,,,
407,MP回复魔石7级,5,1;2;3;4;5;6;7;8,,,,,,,,,,,,,,,,,,7,,,,,,,,,,,,,
408,MP回复魔石8级,5,1;2;3;4;5;6;7;8,,,,,,,,,,,,,,,,,,8,,,,,,,,,,,,,
409,MP回复魔石9级,5,1;2;3;4;5;6;7;8,,,,,,,,,,,,,,,,,,9,,,,,,,,,,,,,
410,MP回复魔石10级,5,1;2;3;4;5;6;7;8,,,,,,,,,,,,,,,,,,10,,,,,,,,,,,,,
411,闪躲率魔石1级,5,1;2;3;4;5;6;7;8,,,,,,,,,,,,,,,,,,,1,,,,,,,,,,,,
412,闪躲率魔石2级,5,1;2;3;4;5;6;7;8,,,,,,,,,,,,,,,,,,,2,,,,,,,,,,,,
413,闪躲率魔石3级,5,1;2;3;4;5;6;7;8,,,,,,,,,,,,,,,,,,,3,,,,,,,,,,,,
414,闪躲率魔石4级,5,1;2;3;4;5;6;7;8,,,,,,,,,,,,,,,,,,,4,,,,,,,,,,,,
415,闪躲率魔石5级,5,1;2;3;4;5;6;7;8,,,,,,,,,,,,,,,,,,,5,,,,,,,,,,,,
416,闪躲率魔石6级,5,1;2;3;4;5;6;7;8,,,,,,,,,,,,,,,,,,,6,,,,,,,,,,,,
417,闪躲率魔石7级,5,1;2;3;4;5;6;7;8,,,,,,,,,,,,,,,,,,,7,,,,,,,,,,,,
418,闪躲率魔石8级,5,1;2;3;4;5;6;7;8,,,,,,,,,,,,,,,,,,,8,,,,,,,,,,,,
419,闪躲率魔石9级,5,1;2;3;4;5;6;7;8,,,,,,,,,,,,,,,,,,,9,,,,,,,,,,,,
420,闪躲率魔石10级,5,1;2;3;4;5;6;7;8,,,,,,,,,,,,,,,,,,,10,,,,,,,,,,,,
421,爆击率魔石1级,5,1;2;3;4;5;6;7;8,,,,,,,,,,,,,,,,,,,,1,,,,,,,,,,,
422,爆击率魔石2级,5,1;2;3;4;5;6;7;8,,,,,,,,,,,,,,,,,,,,2,,,,,,,,,,,
423,爆击率魔石3级,5,1;2;3;4;5;6;7;8,,,,,,,,,,,,,,,,,,,,3,,,,,,,,,,,
424,爆击率魔石4级,5,1;2;3;4;5;6;7;8,,,,,,,,,,,,,,,,,,,,4,,,,,,,,,,,
425,爆击率魔石5级,5,1;2;3;4;5;6;7;8,,,,,,,,,,,,,,,,,,,,5,,,,,,,,,,,
426,爆击率魔石6级,5,1;2;3;4;5;6;7;8,,,,,,,,,,,,,,,,,,,,6,,,,,,,,,,,
427,爆击率魔石7级,5,1;2;3;4;5;6;7;8,,,,,,,,,,,,,,,,,,,,7,,,,,,,,,,,
428,爆击率魔石8级,5,1;2;3;4;5;6;7;8,,,,,,,,,,,,,,,,,,,,8,,,,,,,,,,,
429,爆击率魔石9级,5,1;2;3;4;5;6;7;8,,,,,,,,,,,,,,,,,,,,9,,,,,,,,,,,
430,爆击率魔石10级,5,1;2;3;4;5;6;7;8,,,,,,,,,,,,,,,,,,,,10,,,,,,,,,,,
431,招架率魔石1级,5,1;2;3;4;5;6;7;8,,,,,,,,,,,,,,,,,,,,,1,,,,,,,,,,
432,招架率魔石2级,5,1;2;3;4;5;6;7;8,,,,,,,,,,,,,,,,,,,,,2,,,,,,,,,,
433,招架率魔石3级,5,1;2;3;4;5;6;7;8,,,,,,,,,,,,,,,,,,,,,3,,,,,,,,,,
434,招架率魔石4级,5,1;2;3;4;5;6;7;8,,,,,,,,,,,,,,,,,,,,,4,,,,,,,,,,
435,招架率魔石5级,5,1;2;3;4;5;6;7;8,,,,,,,,,,,,,,,,,,,,,5,,,,,,,,,,
436,招架率魔石6级,5,1;2;3;4;5;6;7;8,,,,,,,,,,,,,,,,,,,,,6,,,,,,,,,,
437,招架率魔石7级,5,1;2;3;4;5;6;7;8,,,,,,,,,,,,,,,,,,,,,7,,,,,,,,,,
438,招架率魔石8级,5,1;2;3;4;5;6;7;8,,,,,,,,,,,,,,,,,,,,,8,,,,,,,,,,
439,招架率魔石9级,5,1;2;3;4;5;6;7;8,,,,,,,,,,,,,,,,,,,,,9,,,,,,,,,,
440,招架率魔石10级,5,1;2;3;4;5;6;7;8,,,,,,,,,,,,,,,,,,,,,10,,,,,,,,,,
441,火系法术防御魔石1级,5,1;2;3;4;5;6;7;8,,,,,,,,,,,,,,,,,,,,,,100,,,,,,,,,
442,火系法术防御魔石2级,5,1;2;3;4;5;6;7;8,,,,,,,,,,,,,,,,,,,,,,150,,,,,,,,,
443,火系法术防御魔石3级,5,1;2;3;4;5;6;7;8,,,,,,,,,,,,,,,,,,,,,,200,,,,,,,,,
444,火系法术防御魔石4级,5,1;2;3;4;5;6;7;8,,,,,,,,,,,,,,,,,,,,,,250,,,,,,,,,
445,火系法术防御魔石5级,5,1;2;3;4;5;6;7;8,,,,,,,,,,,,,,,,,,,,,,300,,,,,,,,,
446,火系法术防御魔石6级,5,1;2;3;4;5;6;7;8,,,,,,,,,,,,,,,,,,,,,,350,,,,,,,,,
447,火系法术防御魔石7级,5,1;2;3;4;5;6;7;8,,,,,,,,,,,,,,,,,,,,,,400,,,,,,,,,
448,火系法术防御魔石8级,5,1;2;3;4;5;6;7;8,,,,,,,,,,,,,,,,,,,,,,450,,,,,,,,,
449,火系法术防御魔石9级,5,1;2;3;4;5;6;7;8,,,,,,,,,,,,,,,,,,,,,,500,,,,,,,,,
450,火系法术防御魔石10级,5,1;2;3;4;5;6;7;8,,,,,,,,,,,,,,,,,,,,,,550,,,,,,,,,
451,水系法术防御魔石1级,5,1;2;3;4;5;6;7;8,,,,,,,,,,,,,,,,,,,,,,,100,,,,,,,,
452,水系法术防御魔石2级,5,1;2;3;4;5;6;7;8,,,,,,,,,,,,,,,,,,,,,,,150,,,,,,,,
453,水系法术防御魔石3级,5,1;2;3;4;5;6;7;8,,,,,,,,,,,,,,,,,,,,,,,200,,,,,,,,
454,水系法术防御魔石4级,5,1;2;3;4;5;6;7;8,,,,,,,,,,,,,,,,,,,,,,,250,,,,,,,,
455,水系法术防御魔石5级,5,1;2;3;4;5;6;7;8,,,,,,,,,,,,,,,,,,,,,,,300,,,,,,,,
456,水系法术防御魔石6级,5,1;2;3;4;5;6;7;8,,,,,,,,,,,,,,,,,,,,,,,350,,,,,,,,
457,水系法术防御魔石7级,5,1;2;3;4;5;6;7;8,,,,,,,,,,,,,,,,,,,,,,,400,,,,,,,,
458,水系法术防御魔石8级,5,1;2;3;4;5;6;7;8,,,,,,,,,,,,,,,,,,,,,,,450,,,,,,,,
459,水系法术防御魔石9级,5,1;2;3;4;5;6;7;8,,,,,,,,,,,,,,,,,,,,,,,500,,,,,,,,
460,水系法术防御魔石10级,5,1;2;3;4;5;6;7;8,,,,,,,,,,,,,,,,,,,,,,,550,,,,,,,,
461,毒系法术防御魔石1级,5,1;2;3;4;5;6;7;8,,,,,,,,,,,,,,,,,,,,,,,,100,,,,,,,
462,毒系法术防御魔石2级,5,1;2;3;4;5;6;7;8,,,,,,,,,,,,,,,,,,,,,,,,150,,,,,,,
463,毒系法术防御魔石3级,5,1;2;3;4;5;6;7;8,,,,,,,,,,,,,,,,,,,,,,,,200,,,,,,,
464,毒系法术防御魔石4级,5,1;2;3;4;5;6;7;8,,,,,,,,,,,,,,,,,,,,,,,,250,,,,,,,
465,毒系法术防御魔石5级,5,1;2;3;4;5;6;7;8,,,,,,,,,,,,,,,,,,,,,,,,300,,,,,,,
466,毒系法术防御魔石6级,5,1;2;3;4;5;6;7;8,,,,,,,,,,,,,,,,,,,,,,,,350,,,,,,,
467,毒系法术防御魔石7级,5,1;2;3;4;5;6;7;8,,,,,,,,,,,,,,,,,,,,,,,,400,,,,,,,
468,毒系法术防御魔石8级,5,1;2;3;4;5;6;7;8,,,,,,,,,,,,,,,,,,,,,,,,450,,,,,,,
469,毒系法术防御魔石9级,5,1;2;3;4;5;6;7;8,,,,,,,,,,,,,,,,,,,,,,,,500,,,,,,,
470,毒系法术防御魔石10级,5,1;2;3;4;5;6;7;8,,,,,,,,,,,,,,,,,,,,,,,,550,,,,,,,
471,电系法术防御魔石1级,5,1;2;3;4;5;6;7;8,,,,,,,,,,,,,,,,,,,,,,,,,100,,,,,,
472,电系法术防御魔石2级,5,1;2;3;4;5;6;7;8,,,,,,,,,,,,,,,,,,,,,,,,,150,,,,,,
473,电系法术防御魔石3级,5,1;2;3;4;5;6;7;8,,,,,,,,,,,,,,,,,,,,,,,,,200,,,,,,
474,电系法术防御魔石4级,5,1;2;3;4;5;6;7;8,,,,,,,,,,,,,,,,,,,,,,,,,250,,,,,,
475,电系法术防御魔石5级,5,1;2;3;4;5;6;7;8,,,,,,,,,,,,,,,,,,,,,,,,,300,,,,,,
476,电系法术防御魔石6级,5,1;2;3;4;5;6;7;8,,,,,,,,,,,,,,,,,,,,,,,,,350,,,,,,
477,电系法术防御魔石7级,5,1;2;3;4;5;6;7;8,,,,,,,,,,,,,,,,,,,,,,,,,400,,,,,,
478,电系法术防御魔石8级,5,1;2;3;4;5;6;7;8,,,,,,,,,,,,,,,,,,,,,,,,,450,,,,,,
479,电系法术防御魔石9级,5,1;2;3;4;5;6;7;8,,,,,,,,,,,,,,,,,,,,,,,,,500,,,,,,
480,电系法术防御魔石10级,5,1;2;3;4;5;6;7;8,,,,,,,,,,,,,,,,,,,,,,,,,550,,,,,,
481,佛系法术防御魔石1级,5,1;2;3;4;5;6;7;8,,,,,,,,,,,,,,,,,,,,,,,,,,100,,,,,
482,佛系法术防御魔石2级,5,1;2;3;4;5;6;7;8,,,,,,,,,,,,,,,,,,,,,,,,,,150,,,,,
483,佛系法术防御魔石3级,5,1;2;3;4;5;6;7;8,,,,,,,,,,,,,,,,,,,,,,,,,,200,,,,,
484,佛系法术防御魔石4级,5,1;2;3;4;5;6;7;8,,,,,,,,,,,,,,,,,,,,,,,,,,250,,,,,
485,佛系法术防御魔石5级,5,1;2;3;4;5;6;7;8,,,,,,,,,,,,,,,,,,,,,,,,,,300,,,,,
486,佛系法术防御魔石6级,5,1;2;3;4;5;6;7;8,,,,,,,,,,,,,,,,,,,,,,,,,,350,,,,,
487,佛系法术防御魔石7级,5,1;2;3;4;5;6;7;8,,,,,,,,,,,,,,,,,,,,,,,,,,400,,,,,
488,佛系法术防御魔石8级,5,1;2;3;4;5;6;7;8,,,,,,,,,,,,,,,,,,,,,,,,,,450,,,,,
489,佛系法术防御魔石9级,5,1;2;3;4;5;6;7;8,,,,,,,,,,,,,,,,,,,,,,,,,,500,,,,,
490,佛系法术防御魔石10级,5,1;2;3;4;5;6;7;8,,,,,,,,,,,,,,,,,,,,,,,,,,550,,,,,
491,灵魂锁定,5,,,,,,,,,,,"ItemGetEnchantValue(3,3)",,"ItemGetEnchantNeedLevel(0,0)",,,,,,,,,,,,,,,,,,,
492,防具提升魔石10级(台湾),5,3;4;5;6;7;8,,,,,,,,,,10,,10,,,,,,,,,,,,,,,,,,,
493,法宝提升魔石5级(大陆),5,1;2,,,,,,,,,,,,,5,,,,,,,,,,,,,,,,,,
494,小灵魂锁定,5,,,,,,,,,,,"ItemGetEnchantValue(0,2)",,"ItemGetEnchantNeedLevel(0,0)",,,,,,,,,,,,,,,,,,,
