number,string,,number,string,number,number,number,number,number,number,number,string,cmd,cmd,cmd,cmd,cmd,cmd,number,number;num,number;num,number;num,number;num,number;num,number;num,number;num,number;num,string,number,number,number;num,number;num,,cmd,,cmd,cmd,,,,
任务编号,名称,所属势力,任务等级,任务难度,单次任务,"重复任务每天
最大完成次数",重复任务每日前三次奖励加成,团队自动接受,团队共享,最小接受等级,最大接受等级,门派要求,额外接受要求,任务接受后指令,额外完成要求,完成要求,任务完成指令,任务取消指令,完成时间限制,杀死npc,杀死npc数量,收集道具,收集道具数量,道具掉落npc,掉落道具,道具掉落率,最大掉落数量,交互类型,相关npc,相关npc数量,使用道具,使用道具数量,xxx,任务固定奖励,任务固定奖励,任务选择奖励,任务随机奖励,门派专有奖励,向导屏蔽,,
ID,,force,lev,dif,once,day_num,day_rate,team_accept,team_shared,accept_min_lev,accept_max_lev,accept_party,accept_req,accept_exe,extra_finish_req,finish_req,finish_exe,cancel_exe,time_limit,kill_npc_id,kill_npc_num,get_item_id,get_item_num,item_drop_npcid,item_drop_id,item_drop_rate,item_drop_num,related_type,related_npcid,related_npcnum,use_item_id,use_item_num,,reward_fix_exp,reward_fix,reward_select,reward_random,party_reward,mask,,
5,失落的物品,13,10,0,1,0,,,1,8,99,all,GetTaskItemSpace >= 1,,,,,,0,0,0,221,1,135,221,1,1,,0,,0,99,16 ,AddExp(1680);AddNimbus(840);AddMoney(528),,,,,0,,
12,狼王的毁灭,13,6,1,1,0,,,1,4,99,all,CheckTaskFinished(11),,GetItemSpace >= 2,,,,0,204;203,1;4,0,0,0,0,0,0,,0,,0,99,10 ,AddExp(850);AddNimbus(425);AddMoney(270),,,,"em;AddItemEx(94,0,1,1)
fm;AddItemEx(121,0,1,1)
qc;AddItemEx(592,0,1,1)
bh;AddItemEx(148,0,1,1)
xq;AddItemEx(670,0,1,1)",0,,
15,通缉强盗头子,13,10,1,1,0,,,1,8,99,all,CheckTaskFinished(4),,,,,,0,126,1,0,0,0,0,0,0,,0,,0,99,13 ,AddExp(1365);AddNimbus(682);AddMoney(429),,,,,0,,
16,村民的怒火,13,9,0,1,0,,,1,7,99,all,GetTaskItemSpace >= 1,,GetItemSpace >= 1,,,,0,211,1,0,0,0,0,0,0,,0,,0,99,10 ,AddExp(1000);AddNimbus(500);AddMoney(300),,,,"em;AddItemEx(76,0,1,1)
fm;AddItemEx(103,0,1,1)
qc;AddItemEx(574,0,1,1)
bh;AddItemEx(130,0,1,1)
xq;AddItemEx(652,0,1,1)",0,,
36,邪灵的终结,13,10,1,1,0,,,1,8,99,all,"CheckTaskFinished(35)
GetTaskItemSpace >= 1",,,,,,0,224,1,351,1,224,351,1,1,,0,,0,99,14 ,AddExp(1470);AddNimbus(735);AddMoney(462),,,,,0,,
102,除祸巨蛇,14,11,1,1,0,,,1,9,99,all,CheckTaskFinished(101),,GetItemSpace >= 1,,,,0,234;8,10;1,0,0,0,0,0,0,,0,,0,99,30 ,AddExp(3300);AddNimbus(1650);AddMoney(990),"AddItemEx(356,0,0,1)",,,,0,,
551,佛奴的黑手,11,1,0,1,0,,,1,1,99,all,,,GetItemSpace >= 1,,,,0,0,0,3005,8,3110;3111,3005;3005,0.5;0.5,8;8,,0,,0,99,13 ,AddExp(780);AddNimbus(390);AddMoney(234),,,,"em;AddItem(202,1)
fm;AddItem(200,1)
bh;AddItem(202,1)
qc;AddItem(200,1)
xq;AddItem(200,1)",0,,
471,幸运戒指,13,5,0,1,,,,1,5,99,all,,,GetItemSpace >= 2,,,,,2;216;219;228,5;5;5;1,0,0,0,0,0,0,,0,,0,99,15 ,AddExp(1200);AddNimbus(600);AddMoney(360),"AddItem (3918,1)
AddItemEx(3947,0,0,1)",,,,1,,
472,我的灰兔,15,20,0,1,,,,1,20,99,all,,,GetItemSpace >= 2,,,,,19;23;26;86,10;10;10;10,0,0,0,0,0,0,,0,,0,99,40 ,AddExp(6200);AddNimbus(3100);AddMoney(1920),"AddItem (3919,1)
AddItemEx(3946,0,0,1)",,,,1,,
473,复活节彩蛋,15,30,0,1,,,,1,30,99,all,,,GetItemSpace >= 2,,,,,35;188;297;304;309,1;20;1;20;1,0,0,0,0,0,0,,0,,0,99,55 ,AddExp(11275);AddNimbus(5638);AddMoney(3465),"AddItem (3920,1)
AddItemEx(3945,0,0,1)",,,,1,,
490,七彩宝石,29,50,0,1,,,,1,48,99,all,,,GetItemSpace >= 1,,,,0,0,0,3728;3730;3732;3733;3734;404,20;20;20;20;20;1,0,0,0,0,,0,,0,99,,AddMoney(12000),"AddItemEx(4105,0,0,1)",,,,0,,
491,蓝色魔法,15,25,0,0,,,,1,25,99,all,,,GetItemSpace >= 1,,,,0,0,0,3515;4108;4109;4110,8;1;1;1,0,0,0,0,,0,,0,99,,,"AddItemEx(4105,0,0,1)",,,,0,,
,,,,,,,,,,,,,,,,,,,,,,,,,,,,,,,,,,,,,,,,,
1337,烈火令牌收集令,29,47,11,0,3,,,1,45,99,all,,,GetItemSpace >= 1,,,,,4497;4494;4498;4501;4502,1;1;1;1;1,0,0,0,0,0,0,,0,,0,99,,,"AddItemEx(4164,0,0,1)",,,,,,
1338,神秘钥匙,29,47,11,0,,,,1,45,99,all,,,GetItemSpace >= 1,,,,,0,0,4164,1,0,0,0,0,,0,,0,99,,,"AddItemEx(4163,0,0,1)",,,,,,
,,,,,,,,,,,,,,,,,,,,,,,,,,,,,,,,,,,,,,,,,
900,难大师的祝福,13,1,0,0,,,,1,1,99,all,,,,,,,0,0,0,0,0,0,0,0,0,,0,,0,99,,,,"AddEffect(2216)
AddEffect(2217)",,,,,
901,白鹰的力量,13,1,0,0,1,,,1,1,20,all,,,,,,,0,0,0,0,0,0,0,0,0,,0,,0,99,,,AddEffect(2214),,,,,,
902,白鹰的力量,15,1,0,0,1,,,1,21,40,all,,,,,,,0,0,0,0,0,0,0,0,0,,0,,0,99,,,AddEffect(2215),,,,,,
493,古墓碎片,33,57,11,0,3,,,1,55,99,all,,,,,,,0,4611;4612;4614;4615;,1;1;1;1,0,0,0,0,0,0,,0,,0,99,,AddExp(0);AddNimbus(0);AddMoney(0),"AddItemEx(4179,0,0,1)",,,,,,
494,古墓钥匙,33,57,11,0,,,,1,58,99,all,,,,,,,0,0,0,4179,1,0,0,0,0,,0,,0,99,,AddExp(0);AddNimbus(0);AddMoney(0),"AddItemEx(4178,0,0,1)",,,,,,
801,天化村守护者,13,20,1,1,0,,,1,20,99,all,CheckTaskFinished(800),,,,,,0,126;204;211;224,1;1;1;1,0,0,0,0,0,0,,0,,0,99,32 ,AddExp(4960);AddNimbus(2480);AddMoney(1536),,,,,0,,
822,初生礼物,11,1,0,1,,,,1,1,99,all,,,GetItemSpace >= 1,,,,0,3110,1,0,0,0,0,0,0,,0,,0,99,,,"AddItemEx(4432,0,0,1)",,,,,,
552,采集药草,11,2,0,1,0,,,1,2,99,all,,,,,,,0,0,0,3006,2,3120,3006,1,2,,0,,0,99,19 ,AddExp(1235);AddNimbus(618);AddMoney(399),,,,,0,,
553,赶走山猿,11,3,0,1,0,,,1,3,99,all,,,GetItemSpace >= 1,,,,0,3113,12,0,0,0,0,0,0,,0,,0,99,15 ,AddExp(1050);AddNimbus(525);AddMoney(315),,,,"em;AddItemEx(258,0,1,1)
fm;AddItemEx(267,0,1,1)
bh;AddItemEx(276,0,1,1)
qc;AddItemEx(601,0,1,1)
xq;AddItemEx(679,0,1,1)",0,,
554,收集泉水,11,3,0,1,0,,,1,3,99,all,"CheckTaskFinished(553)
GetItemSpace >= 1","AddItem(3007,1)",,,"RemoveItem(3008,1)","RemoveItem(3008,1)",0,0,0,3008,1,0,0,0,0,,0,,0,99,7 ,AddExp(490);AddNimbus(245);AddMoney(147),,,,,0,,
555,送药,11,3,0,1,0,,,1,3,99,all,"CheckTaskFinished(554)
GetTaskItemSpace >= 1","AddItem(3009,1)",,,"RemoveItem(3009,1)","RemoveItem(3009,1)",0,0,0,3009,1,0,0,0,0,,0,,0,99,7 ,AddExp(490);AddNimbus(245);AddMoney(147),,,,,0,,
557,剿灭大血精灵,11,4,0,1,0,,,1,4,99,all,"CheckTaskFinished(556)
GetTaskItemSpace >= 1","AddItem(3010,3)",GetItemSpace >= 1,,"RemoveItem(3010,3)","RemoveItem(3010,3)",0,3119,1,0,0,0,0,0,0,,0,,0,99,13 ,AddExp(975);AddNimbus(488);AddMoney(312),,,,"em;AddItemEx(85,0,1,1)
fm;AddItemEx(112,0,1,1)
bh;AddItemEx(139,0,1,1)
qc;AddItemEx(583,0,1,1)
xq;AddItemEx(661,0,1,1)",0,,
558,血精灵的秘密,11,4,0,1,0,,,1,4,99,all,CheckTaskFinished(557),,,,,,0,0,0,0,0,0,0,0,0,,0,,0,99,7 ,AddExp(525);AddNimbus(262);AddMoney(168),,,,,0,,
559,试练,11,5,0,1,0,,,0,5,99,all,,,GetItemSpace >= 1,,,,0,0,0,0,0,0,0,0,0,4,3104,1,0,99,39 ,AddExp(3120);AddNimbus(1560);AddMoney(936),,,,"em;AddItemEx(64,0,202,1)
fm;AddItemEx(71,0,202,1)
bh;AddItemEx(72,0,202,1)
qc;AddItemEx(570,0,202,1)
xq;AddItemEx(648,0,202,1)",0,,
560,下山,11,5,0,1,0,,,1,5,99,all,"CheckTaskFinished(559)
GetTaskItemSpace >= 1",AddItem(206),GetItemSpace >= 3,,"RemoveItem(206,1)","RemoveItem(206,1)",0,0,0,206,1,0,0,0,0,,0,,0,99,14 ,AddExp(1120);AddNimbus(560);AddMoney(336),"AddItemEx(3846,0,0,1)",,,"em;AddItemEx(4,0,152,1)
em;AddItemEx(14,0,152,1)
fm;AddItemEx(24,0,152,1)
fm;AddItemEx(34,0,152,1)
bh;AddItemEx(44,0,152,1)
bh;AddItemEx(54,0,152,1)
qc;AddItemEx(550,0,152,1)
qc;AddItemEx(560,0,152,1)
xq;AddItemEx(628,0,152,1)
xq;AddItemEx(638,0,152,1)",0,,
561,捕捉血精灵,11,3,0,1,0,,,1,3,99,xq,GetItemSpace >= 1,AddItem(428),GetItemSpace >= 1,,"RemoveItem(428,1)","RemoveItem(428,1)",0,0,0,0,0,0,0,0,0,3,3118,1,0,99,8 ,AddExp(560);AddNimbus(280);AddMoney(168),"AddItem (801,1)",,,,0,,
60,探听虚实,18,6,0,1,0,,,1,5,99,all,,,,,,,0,0,0,0,0,0,0,0,0,,0,,0,99,4 ,AddExp(340);AddNimbus(170);AddMoney(108),,,,,1,,
63,通缉流寇头领,18,6,1,1,0,,,1,5,99,all,CheckTaskFinished(62),,,,,,0,339,1,407,1,339,407,1,1,,0,,0,99,7 ,AddExp(595);AddNimbus(298);AddMoney(189),,,,,1,,
67,追捕马贼头子,18,8,1,1,0,,,1,7,99,all,CheckTaskFinished(66),,,,,,0,341,1,408,1,341,408,1,1,,0,,0,99,16 ,AddExp(1520);AddNimbus(760);AddMoney(480),,,,,1,,
70,育成碑文,18,8,0,1,0,,,1,7,99,all,,,,,,,0,0,0,0,0,0,0,0,0,,0,,0,99,4 ,AddExp(380);AddNimbus(190);AddMoney(120),,,,,1,,
72,无眉密函,18,9,0,1,0,,,1,8,99,all,CheckTaskFinished(71),,,,,,0,70,14,410,1,70,410,0.5,1,,0,,0,99,14 ,AddExp(1400);AddNimbus(700);AddMoney(420),,,,,1,,
76,误入歧途,18,10,1,1,0,,,1,9,99,all,CheckTaskFinished(75),,GetItemSpace >= 1,,,,0,72;347,1;6,0,0,0,0,0,0,,0,,0,99,16 ,AddExp(1680);AddNimbus(840);AddMoney(528),,,,,1,,
6,致命的箭,13,9,0,1,0,,,1,7,99,all,"CheckTaskFinished(26)
GetTaskItemSpace >= 1",,,,,,0,0,0,220,8,7,220,0.5,8,,0,,0,99,18 ,AddExp(1800);AddNimbus(900);AddMoney(540),,,,,0,,
11,袒护的山狼,13,5,0,1,0,,,1,4,99,all,,,GetItemSpace >= 1,,,,0,2,10,0,0,0,0,0,0,,0,,0,99,12 ,AddExp(960);AddNimbus(480);AddMoney(288),,,,"em;AddItemEx(94,0,1,1)
fm;AddItemEx(121,0,1,1)
qc;AddItemEx(592,0,1,1)
bh;AddItemEx(148,0,1,1)
xq;AddItemEx(670,0,1,1)",0,,
25,村民的口粮,13,5,0,1,0,,,1,4,99,all,GetTaskItemSpace >= 2,,GetItemSpace >= 1,,"RemoveItem(350,3)
RemoveItem(352,3)","RemoveItem(350,3)
RemoveItem(352,3)",0,0,0,350;352,3;3,216;217,350;352,0.5;0.5,3;3,,0,,0,99,15 ,AddExp(1200);AddNimbus(600);AddMoney(360),,,,"em;AddItemEx(285,0,1,1)
fm;AddItemEx(294,0,1,1)
qc;AddItemEx(610,0,1,1)
bh;AddItemEx(303,0,1,1)
xq;AddItemEx(688,0,1,1)",0,,
27,伤药,13,7,0,1,0,,,1,6,99,all,GetTaskItemSpace >= 1,,GetItemSpace >= 1,,,,0,0,0,204,5,218,204,0.5,5,,0,,0,99,13 ,AddExp(1170);AddNimbus(585);AddMoney(351),"AddItemEx(248,0,102,1)",,,,0,,
28,瘟疫的散播,13,6,0,1,0,,,1,5,99,all,,,,,,,0,220,8,0,0,0,0,0,0,,0,,0,99,11 ,AddExp(935);AddNimbus(468);AddMoney(297),,,,,0,,
29,游荡的幽灵,13,7,0,1,0,,,1,6,99,all,CheckTaskFinished(28),,GetItemSpace >= 2,,,,0,226,8,0,0,0,0,0,0,,0,,0,99,11 ,AddExp(990);AddNimbus(495);AddMoney(297),,,,"em;AddItemEx(5,0,152,1)
em;AddItemEx(15,0,152,1)
fm;AddItemEx(25,0,152,1)
fm;AddItemEx(35,0,152,1)
bh;AddItemEx(45,0,152,1)
bh;AddItemEx(55,0,152,1)
qc;AddItemEx(551,0,152,1)
qc;AddItemEx(561,0,152,1)
xq;AddItemEx(629,0,152,1)
xq;AddItemEx(639,0,152,1)",0,,
32,草原豺狼,13,8,0,1,0,,,1,6,99,all,,,,,,,0,227,12,0,0,0,0,0,0,,0,,0,99,16 ,AddExp(1520);AddNimbus(760);AddMoney(480),,,,,0,,
34,飞蛇的阻隘,13,9,0,1,0,,,1,7,99,all,,,,,,,0,228,12,0,0,0,0,0,0,,0,,0,99,15 ,AddExp(1500);AddNimbus(750);AddMoney(450),,,,,0,,
37,寻找受伤熊猫人,14,10,0,1,0,,,1,10,99,all,,,,,,,0,0,0,0,0,0,0,0,0,,0,,0,99,7 ,AddExp(735);AddNimbus(368);AddMoney(231),,,,,0,,
103,传书尼庵,14,12,0,1,0,,,1,10,99,all,GetTaskItemSpace >= 1,AddItem(206),,,"RemoveItem(206,1)","RemoveItem(206,1)",0,0,0,206,1,41,206,1,1,,0,,0,99,6 ,AddExp(690);AddNimbus(345);AddMoney(216),,,,,0,,
806,望江亭之约,15,23,0,1,0,,,1,20,99,all,CheckTaskFinished(805),,,,,,0,0,0,0,0,0,0,0,0,,0,,0,99,20 ,AddExp(3400);AddNimbus(1700);AddMoney(1020),,,,,0,,
119,"
鬼道伏诛",14,18,1,1,0,,,1,15,99,all,CheckTaskFinished(117),,,,,,0,25,1,0,0,0,0,0,0,,0,,0,99,36 ,AddExp(5220);AddNimbus(2610);AddMoney(1620),,,,,0,,
123,寻找医师,14,14,0,1,0,,,1,13,99,all,,,,,,,0,0,0,0,0,0,0,0,0,,0,,0,99,6 ,AddExp(750);AddNimbus(375);AddMoney(234),,,,,0,,
157,寻访隐士,15,23,0,1,0,,,1,20,99,all,GetTaskItemSpace >= 1,AddItem(206),,,"RemoveItem(206,1)","RemoveItem(206,1)",0,0,0,206,1,0,0,0,0,,0,,0,99,5,AddExp(850);AddNimbus(425);AddMoney(255),,,,,0,,
160,穿云弩再出江湖,15,23,0,1,0,,,1,21,99,all,,,,,,,0,0,0,0,0,0,0,0,0,,0,,0,99,10,AddExp(1700);AddNimbus(850);AddMoney(510),"AddItemEx(344,0,0,1)
AddItemEx(404,0,0,1)",,,,0,,
164,形迹可疑的大汉,15,24,1,1,0,,,1,22,99,all,CheckTaskFinished(163),,GetItemSpace >= 1,,,,0,242,1,0,0,0,0,0,0,,0,,0,99,20,AddExp(3500);AddNimbus(1750);AddMoney(1080),,,,"em;AddItemEx(287,0,1,1)
fm;AddItemEx(296,0,1,1)
bh;AddItemEx(305,0,1,1)
qc;AddItemEx(612,0,1,1)
xq;AddItemEx(690,0,1,1)",0,,
188,探听消息,15,24,0,1,0,,,1,23,99,all,CheckTaskFinished(159),,,,,,0,0,0,0,0,0,0,0,0,,0,,0,99,10,AddExp(1750);AddNimbus(875);AddMoney(540),,,,,0,,
190,出手相助,16,25,0,1,0,,,1,25,99,all,CheckTaskFinished(165),,,,,,0,0,0,0,0,0,0,0,0,,0,,0,99,10,AddExp(1800);AddNimbus(900);AddMoney(540),,,,,0,,
191,速去速回,15,24,0,1,0,,,1,23,99,all,"CheckTaskFinished(161)
GetTaskItemSpace >= 1",AddItem(214),,,"RemoveItem(214,1)","RemoveItem(214,1)",0,0,0,0,0,0,0,0,0,,0,,0,99,10,AddExp(1750);AddNimbus(875);AddMoney(540),,,,,0,,
168,慈云来敌,16,26,1,1,0,,,1,24,99,all,,,,,,,0,56,1,0,0,0,0,0,0,,0,,0,99,20,AddExp(3700);AddNimbus(1850);AddMoney(1140),,,,,0,,
169,破金蚕,16,26,1,1,0,,,1,23,99,all,,,,,,,0,37,1,0,0,0,0,0,0,,0,,0,99,20,AddExp(3700);AddNimbus(1850);AddMoney(1140),,,,,0,,
808,慈云寺阴谋,16,24,1,1,0,,,1,20,99,all,CheckTaskFinished(807),,GetItemSpace >= 3,,,,0,69;123,1;1,0,0,0,0,0,0,,0,,0,99,50 ,AddExp(8750);AddNimbus(4375);AddMoney(2700),"AddItemEx(3969,0,0,1)
AddItemEx(3969,0,0,1)
AddItemEx(3969,0,0,1)",,,,0,,
170,灭绿袍,16,26,1,1,0,,,1,23,99,all,CheckTaskFinished(169),,GetItemSpace >= 1,,,,0,90,1,0,0,0,0,0,0,,0,,0,99,20,AddExp(3700);AddNimbus(1850);AddMoney(1140),,,,"em;AddItemEx(314,0,1,1)
fm;AddItemEx(323,0,1,1)
bh;AddItemEx(332,0,1,1)
qc;AddItemEx(621,0,1,1)
xq;AddItemEx(699,0,1,1)",0,,
173,凶残的看守(副本),21,26,11,1,0,,,1,22,99,all,,,,,,,0,260,1,0,0,0,0,0,0,,0,,0,99,30,AddExp(5550);AddNimbus(2775);AddMoney(1710),"AddItemEx(3970,0,0,1)",,,,0,,
176,火烧慈云寺,16,27,0,1,0,,,1,25,99,all,,,,,,,0,0,0,379,15,244,379,0.5,15,,0,,0,99,30,AddExp(5700);AddNimbus(2850);AddMoney(1710),,,,,0,,
184,慈云先锋,16,30,1,1,0,,,1,27,99,all,,,,,,,0,35,1,0,0,0,0,0,0,,0,,0,99,20,AddExp(4100);AddNimbus(2050);AddMoney(1260),,,,,0,,
185,辟邪村大战,16,30,1,1,0,,,1,27,99,all,,,,,,,0,38,1,0,0,0,0,0,0,,0,,0,99,30,AddExp(6150);AddNimbus(3075);AddMoney(1890),,,,,0,,
187,慈云寺内应,16,27,0,1,0,,,1,25,99,all,,,,,,,0,0,0,0,0,0,0,0,0,,0,,0,99,10,AddExp(1900);AddNimbus(950);AddMoney(570),,,,,0,,
189,飞鸽传书,16,25,0,1,0,,,1,24,99,all,,,,,,,0,0,0,0,0,0,0,0,0,,0,,0,99,10,AddExp(1800);AddNimbus(900);AddMoney(540),,,,,0,,
83,小妖道何兴,24,14,1,1,0,,,1,12,99,all,CheckTaskFinished(82),,GetItemSpace >= 1,,,,0,78;93,2;1,0,0,0,0,0,0,,0,,0,99,20 ,AddExp(2500);AddNimbus(1250);AddMoney(780),,,,"em;AddItemEx(259,0,1,1)
fm;AddItemEx(268,0,1,1)
bh;AddItemEx(277,0,1,1)
qc;AddItemEx(602,0,1,1)
xq;AddItemEx(680,0,1,1)",0,,
85,山穴群狼,24,15,0,1,0,,,1,13,99,all,,,,,,,0,350,12,0,0,0,0,0,0,,0,,0,99,26 ,AddExp(3380);AddNimbus(1690);AddMoney(1014),,,,,0,,
47,童年旧友,24,20,0,1,0,,,1,18,99,all,GetTaskItemSpace >= 1,AddItem(206),,,"RemoveItem(206,1)","RemoveItem(206,1)",0,0,0,206,1,0,0,0,0,,0,,0,99,14 ,AddExp(2170);AddNimbus(1085);AddMoney(672),,,,,0,,
77,荆棘岭火种,17,11,0,1,0,,,1,9,99,all,,,,,,,0,0,0,411,20,349,411,1,20,,0,,0,99,20 ,AddExp(2200);AddNimbus(1100);AddMoney(660),,,,,0,,
59,保护村庄,18,5,0,1,0,,,1,4,99,all,,,GetItemSpace >= 1,,,,0,61,10,0,0,0,0,0,0,,0,,0,99,10 ,AddExp(800);AddNimbus(400);AddMoney(240),,,,,1,,
92,野骡王,24,18,1,1,0,,,1,16,99,all,CheckTaskFinished(82),,GetItemSpace >= 1,,,,0,86;354,2;1,0,0,0,0,0,0,,0,,0,99,20 ,AddExp(2900);AddNimbus(1450);AddMoney(900),,,,"em;AddItemEx(95,0,1,1)
fm;AddItemEx(122,0,1,1)
bh;AddItemEx(149,0,1,1)
qc;AddItemEx(593,0,1,1)
xq;AddItemEx(671,0,1,1)",0,,
556,剿灭血精灵,11,4,0,1,0,,,1,4,99,all,,,,,,,0,3118,12,0,0,0,0,0,0,,0,,0,99,14 ,AddExp(1050);AddNimbus(525);AddMoney(336),,,,,0,,
61,偷袭贼兵,18,6,0,1,0,,,1,5,99,all,CheckTaskFinished(60),,,,,,0,62,12,0,0,0,0,0,0,,0,,0,99,12 ,AddExp(1020);AddNimbus(510);AddMoney(324),,,,,1,,
62,马贼战马,18,6,0,1,0,,,1,5,99,all,,,,,,,0,336,12,0,0,0,0,0,0,,0,,0,99,12 ,AddExp(1020);AddNimbus(510);AddMoney(324),,,,,1,,
64,追捕能手,18,7,0,1,0,,,1,6,99,all,CheckTaskFinished(62),,,,,,0,340,12,0,0,0,0,0,0,,0,,0,99,12 ,AddExp(1080);AddNimbus(540);AddMoney(324),,,,,1,,
65,大漠马贼,18,7,0,1,0,,,1,6,99,all,CheckTaskFinished(64),,,,,,0,60,12,0,0,0,0,0,0,,0,,0,99,12 ,AddExp(1080);AddNimbus(540);AddMoney(324),,,,,1,,
66,马贼精兵,18,7,0,1,0,,,1,6,99,all,CheckTaskFinished(65),,GetItemSpace >= 1,,,,0,63,12,0,0,0,0,0,0,,0,,0,99,12 ,AddExp(1080);AddNimbus(540);AddMoney(324),,,,,1,,
68,残兵败将,18,8,0,1,0,,,1,7,99,all,CheckTaskFinished(67),,,,,,0,63,14,0,0,0,0,0,0,,0,,0,99,14 ,AddExp(1330);AddNimbus(665);AddMoney(420),,,,,1,,
69,无眉密使,18,8,0,1,0,,,1,7,99,all,,,GetItemSpace >= 1,,,,0,0,0,409,8,342,409,0.5,8,,0,,0,99,16 ,AddExp(1520);AddNimbus(760);AddMoney(480),,"AddItemEx(238,0,52,1)
AddItemEx(238,0,51,1)",,,1,,
71,无眉党羽,18,9,0,1,0,,,1,8,99,all,CheckTaskFinished(70),,,,,,0,345,14,0,0,0,0,0,0,,0,,0,99,14 ,AddExp(1400);AddNimbus(700);AddMoney(420),,,,,1,,
73,废墟怨灵,18,9,0,1,0,,,1,8,99,all,CheckTaskFinished(72),,,,,,0,346,15,0,0,0,0,0,0,,0,,0,99,15 ,AddExp(1500);AddNimbus(750);AddMoney(450),,,,,1,,
74,徘徊的冤魂,18,10,0,1,0,,,1,9,99,all,CheckTaskFinished(73),,,,,,0,348,15,0,0,0,0,0,0,,0,,0,99,15 ,AddExp(1575);AddNimbus(788);AddMoney(495),,,,,1,,
75,奇特的磷火,18,10,0,1,0,,,1,9,99,all,CheckTaskFinished(74),,GetItemSpace >= 1,,,,0,347,15,0,0,0,0,0,0,,0,,0,99,15 ,AddExp(1575);AddNimbus(788);AddMoney(495),,,,,1,,
4,南方悍匪,13,9,0,1,0,,,1,7,99,all,CheckTaskFinished(33),,GetItemSpace >= 1,,,,0,125;210,7;8,0,0,0,0,0,0,,0,,0,99,18,AddExp(1800);AddNimbus(900);AddMoney(540),,,,,0,,
26,邪灵的气息,13,6,0,1,0,,,1,5,99,all,,,GetItemSpace >= 1,,,,0,219,12,0,0,0,0,0,0,,0,,0,99,15 ,AddExp(1275);AddNimbus(638);AddMoney(405),,"AddItemEx(238,0,52,1)
AddItemEx(238,0,51,1)",,,0,,
30,村口流匪,13,7,0,1,0,,,1,6,99,all,,,,,,,0,222,14,0,0,0,0,0,0,,0,,0,99,17 ,AddExp(1530);AddNimbus(765);AddMoney(459),,,,,0,,
31,中毒,13,8,0,1,0,,,1,6,99,all,"CheckTaskFinished(27)
GetTaskItemSpace >= 1",,GetItemSpace >= 1,,,,0,0,0,219,8,5,219,0.5,8,,0,,0,99,18 ,AddExp(1710);AddNimbus(855);AddMoney(540),,,,"em;AddItemEx(65,0,202,1)
fm;AddItemEx(70,0,202,1)
qc;AddItemEx(571,0,202,1)
bh;AddItemEx(73,0,202,1)
xq;AddItemEx(649,0,202,1)",0,,
33,清剿强盗,13,8,0,1,0,,,1,6,99,all,CheckTaskFinished(30),,,,,,0,223,15,0,0,0,0,0,0,,0,,0,99,18 ,AddExp(1710);AddNimbus(855);AddMoney(540),,,,,0,,
35,最后的战斗,13,10,0,1,0,,,1,8,99,all,"CheckTaskFinished(6)
GetItemSpace >= 1",,GetItemSpace >= 1,,,,0,221,16,0,0,0,0,0,0,,0,,0,99,20 ,AddExp(2100);AddNimbus(1050);AddMoney(660),,,,,0,,
101,侠义心肠 ,14,11,0,1,0,,,1,9,99,all,GetTaskItemSpace >= 1,,,,,,0,0,0,802,15,235,802,0.5,15,,0,,0,99,36 ,AddExp(3960);AddNimbus(1980);AddMoney(1188),,,,,0,,
104,尼庵辟邪 ,14,12,0,1,0,,,1,10,99,all,GetTaskItemSpace >= 1,,,,,,0,0,0,207,15,6,207,0.5,15,,0,,0,99,36 ,AddExp(4140);AddNimbus(2070);AddMoney(1296),,,,,0,,
105,救死扶伤,14,14,0,1,0,,,1,12,99,all,GetTaskItemSpace >= 1,,GetItemSpace >= 1,,,,0,0,0,211,15,9,211,0.5,15,,0,,0,99,38 ,AddExp(4750);AddNimbus(2375);AddMoney(1482),,,,"em;AddItemEx(77,0,1,1)
fm;AddItemEx(104,0,1,1)
bh;AddItemEx(131,0,1,1)
qc;AddItemEx(575,0,1,1)
xq;AddItemEx(653,0,1,1)",0,,
106,削弱蛇怪,14,15,0,1,0,,,1,13,99,all,CheckTaskFinished(105),,GetItemSpace >= 1,,,,0,11,30,0,0,0,0,0,0,,0,,0,99,36 ,AddExp(4680);AddNimbus(2340);AddMoney(1404),,,,"em;AddItemEx(286,0,1,1)
fm;AddItemEx(295,0,1,1)
bh;AddItemEx(304,0,1,1)
qc;AddItemEx(611,0,1,1)
xq;AddItemEx(689,0,1,1)",0,,
107,蛇匪精英,14,16,0,1,0,,,1,14,99,all,CheckTaskFinished(106),,GetItemSpace >= 1,,,,0,12,30,0,0,0,0,0,0,,0,,0,99,36 ,AddExp(4860);AddNimbus(2430);AddMoney(1512),,,,"em;AddItemEx(95,0,1,1)
fm;AddItemEx(122,0,1,1)
bh;AddItemEx(149,0,1,1)
qc;AddItemEx(593,0,1,1)
xq;AddItemEx(671,0,1,1)",0,,
108,相借灵物,14,13,0,1,0,,,1,11,99,all,CheckTaskFinished(104),,GetItemSpace >= 1,,,,0,13,20,0,0,0,0,0,0,,0,,0,99,31 ,AddExp(3720);AddNimbus(1860);AddMoney(1116),,,,"em;AddItemEx(259,0,1,1)
fm;AddItemEx(268,0,1,1)
bh;AddItemEx(277,0,1,1)
qc;AddItemEx(602,0,1,1)
xq;AddItemEx(680,0,1,1)",0,,
109,擒贼擒王,14,16,1,1,0,,,1,14,99,all,CheckTaskFinished(107),,GetItemSpace >= 1,,,,0,236;237,20;1,0,0,0,0,0,0,,0,,0,99,36 ,AddExp(4860);AddNimbus(2430);AddMoney(1512),,,,"em;AddItemEx(6,0,151,1)
fm;AddItemEx(26,0,151,1)
bh;AddItemEx(56,0,151,1)
qc;AddItemEx(552,0,151,1)
xq;AddItemEx(630,0,151,1)",0,,
110,"
开光佛珠",14,13,0,1,0,,,1,11,99,all,"CheckTaskFinished(108)
GetTaskItemSpace >= 1",,GetItemSpace >= 1,,,,0,0,0,237,15,14,237,0.5,15,,0,,0,99,36 ,AddExp(4320);AddNimbus(2160);AddMoney(1296),,,,"em;AddItemEx(86,0,1,1)
fm;AddItemEx(113,0,1,1)
bh;AddItemEx(140,0,1,1)
qc;AddItemEx(584,0,1,1)
xq;AddItemEx(662,0,1,1)",0,,
112,仙灵蜈蚣,14,14,1,1,0,,,1,12,99,all,CheckTaskFinished(110),,,,,,0,24,1,0,0,0,0,0,0,,0,,0,99,24 ,AddExp(3000);AddNimbus(1500);AddMoney(936),,,,,0,,
116,飘荡的鬼火 ,14,17,0,1,0,,,1,15,99,all,GetTaskItemSpace >= 1,,,,,,0,0,0,209,15,15,209,0.5,15,,0,,0,99,36 ,AddExp(5040);AddNimbus(2520);AddMoney(1512),,,,,0,,
117,云灵异变 ,14,18,0,1,0,,,1,15,99,all,,,,,,,0,16,30,0,0,0,0,0,0,,0,,0,99,36 ,AddExp(5220);AddNimbus(2610);AddMoney(1620),,,,,0,,
118,怨灵的游荡 ,14,19,0,1,0,,,1,16,99,all,,,,,,,0,17,30,0,0,0,0,0,0,,0,,0,99,36 ,AddExp(5400);AddNimbus(2700);AddMoney(1620),,,,,0,,
122,灵魂的守护者,14,20,0,1,0,,,1,17,99,all,CheckTaskFinished(118),,,,,,0,18,30,0,0,0,0,0,0,,0,,0,99,36 ,AddExp(5580);AddNimbus(2790);AddMoney(1728),,,,,0,,
124,被放逐的野鬼,14,16,0,1,0,,,1,15,99,all,,,,,,,0,0,0,0,0,0,0,0,0,,0,,0,99,6 ,AddExp(810);AddNimbus(405);AddMoney(252),,,,,0,,
151,农田破坏者,15,21,0,1,0,,,1,19,99,all,,,,,,,0,22,30,0,0,0,0,0,0,,0,,0,99,30 ,AddExp(4800);AddNimbus(2400);AddMoney(1440),,,,,0,,
152,挡路的山精,15,21,0,1,0,,,1,19,99,all,,,,,,,0,19,30,0,0,0,0,0,0,,0,,0,99,30 ,AddExp(4800);AddNimbus(2400);AddMoney(1440),,,,,0,,
153,打倒帮凶,15,21,0,1,0,,,1,19,99,all,,,,,,,0,28,30,0,0,0,0,0,0,,0,,0,99,30 ,AddExp(4800);AddNimbus(2400);AddMoney(1440),,,,,0,,
154,作恶多端,15,22,1,1,0,,,1,20,99,all,,,,,,,0,31,1,0,0,0,0,0,0,,0,,0,99,20 ,AddExp(3300);AddNimbus(1650);AddMoney(1020),,,,,0,,
155,收集药材,15,22,0,1,0,,,1,20,99,all,GetTaskItemSpace >= 1,,GetItemSpace >= 1,,,,0,0,0,377,16,21,377,0.5,16,,0,,0,99,32 ,AddExp(5280);AddNimbus(2640);AddMoney(1632),,,,"em;AddItemEx(260,0,1,1)
fm;AddItemEx(269,0,1,1)
bh;AddItemEx(278,0,1,1)
qc;AddItemEx(603,0,1,1)
xq;AddItemEx(681,0,1,1)",0,,
158,恶斗粉蝴蝶,15,23,1,1,0,,,1,21,99,all,CheckTaskFinished(159),,,,,,0,32;249,1;20,0,0,0,0,0,0,,0,,0,99,30,AddExp(5100);AddNimbus(2550);AddMoney(1530),,,,,0,,
159,清理武候祠,15,23,0,1,0,,,1,21,99,all,,,,,,,0,20,30,0,0,0,0,0,0,,0,,0,99,30,AddExp(5100);AddNimbus(2550);AddMoney(1530),,,,,0,,
162,进香,15,24,0,1,0,,,1,22,99,all,CheckTaskFinished(159),,,,,,0,241,30,0,0,0,0,0,0,,0,,0,99,30,AddExp(5250);AddNimbus(2625);AddMoney(1620),,,,,0,,
803,恩怨情仇,20,21,1,1,0,,,1,20,99,all,"CheckTaskFinished(802)
GetTaskItemSpace >= 1",AddItem(4041),,,"RemoveItem(4041,1)","RemoveItem(4041,1)",0,157,1,0,0,0,0,0,0,,0,,0,99,40 ,AddExp(6400);AddNimbus(3200);AddMoney(1920),,,,,0,,
161,碧筠庵盗影,15,23,0,1,0,,,1,21,99,all,"CheckTaskFinished(160)
GetTaskItemSpace >= 1",AddItem(214),GetItemSpace >= 1,,"RemoveItem(214,1)","RemoveItem(214,1)",0,23,30,214,1,0,0,0,0,,0,,0,99,30,AddExp(5100);AddNimbus(2550);AddMoney(1530),,,,"em;AddItemEx(87,0,1,1)
fm;AddItemEx(114,0,1,1)
bh;AddItemEx(141,0,1,1)
qc;AddItemEx(585,0,1,1)
xq;AddItemEx(663,0,1,1)",0,,
165,游荡的凶灵,15,25,0,1,0,,,1,23,99,all,,,,,,,0,26,30,0,0,0,0,0,0,,0,,0,99,30,AddExp(5400);AddNimbus(2700);AddMoney(1620),,,,,0,,
167,树林中的敌踪,16,25,0,1,0,,,1,23,99,all,,,GetItemSpace >= 1,,,,0,30,30,0,0,0,0,0,0,,0,,0,99,30,AddExp(5400);AddNimbus(2700);AddMoney(1620),,,,"em;AddItemEx(96,0,1,1)
fm;AddItemEx(123,0,1,1)
bh;AddItemEx(150,0,1,1)
qc;AddItemEx(594,0,1,1)
xq;AddItemEx(672,0,1,1)",0,,
171,击破采花贼,16,26,0,1,0,,,1,24,99,all,,,,,,,0,27,30,0,0,0,0,0,0,,0,,0,99,30,AddExp(5550);AddNimbus(2775);AddMoney(1710),,,,,0,,
174,八臂熊毛太,16,27,1,1,0,,,1,23,99,all,,,,,,,0,122;255,1;20,0,0,0,0,0,0,,0,,0,99,30,AddExp(5700);AddNimbus(2850);AddMoney(1710),,,,,0,,
175,慈云僧兵,16,27,0,1,0,,,1,23,99,all,,,,,,,0,124,30,0,0,0,0,0,0,,0,,0,99,30,AddExp(5700);AddNimbus(2850);AddMoney(1710),,,,,0,,
178,武当女侠,16,28,1,1,0,,,1,25,99,all,,,,,,,0,123;245,1;20,0,0,0,0,0,0,,0,,0,99,30,AddExp(5850);AddNimbus(2925);AddMoney(1800),,,,,0,,
183,英雄帖,16,29,0,1,0,,,1,26,99,all,,,,,,,0,246,30,0,0,0,0,0,0,,0,,0,99,30,AddExp(6000);AddNimbus(3000);AddMoney(1800),,,,,0,,
78,荆棘潜伏者,17,11,0,1,0,,,1,9,99,all,CheckTaskFinished(77),,GetItemSpace >= 1,,,,0,117,15,0,0,0,0,0,0,,0,,0,99,22 ,AddExp(2420);AddNimbus(1210);AddMoney(726),"AddItemEx(532,0,0,1)",,,,0,,
79,死水毒蝇,17,12,0,1,0,,,1,10,99,all,,,,,,,0,73,24,0,0,0,0,0,0,,0,,0,99,24 ,AddExp(2760);AddNimbus(1380);AddMoney(864),,,,,0,,
80,山民前哨,24,12,0,1,0,,,1,10,99,all,,,,,,,0,77,16,0,0,0,0,0,0,,0,,0,99,26 ,AddExp(2990);AddNimbus(1495);AddMoney(936),,,,,0,,
81,最强的勇士,24,13,0,1,0,,,1,11,99,all,,,,,,,0,0,0,412,14,78,412,0.5,14,,0,,0,99,28 ,AddExp(3360);AddNimbus(1680);AddMoney(1008),,,,,0,,
82,长老的委托,24,14,0,1,0,,,1,12,99,all,,,,,,,0,0,0,413,13,85,413,0.5,13,,0,,0,99,26 ,AddExp(3250);AddNimbus(1625);AddMoney(1014),,,,"em;AddItemEx(77,0,1,1)
fm;AddItemEx(104,0,1,1)
bh;AddItemEx(131,0,1,1)
qc;AddItemEx(575,0,1,1)
xq;AddItemEx(653,0,1,1)",0,,
84,野骡的侵袭,24,14,0,1,0,,,1,12,99,all,,,,,,,0,85,16,0,0,0,0,0,0,,0,,0,99,28 ,AddExp(3500);AddNimbus(1750);AddMoney(1092),,,,,0,,
86,山神传说,24,15,0,1,0,,,1,13,99,all,CheckTaskFinished(84),,GetItemSpace >= 1,,,,0,0,0,414,15,350,414,0.5,15,,0,,0,99,30 ,AddExp(3900);AddNimbus(1950);AddMoney(1170),,,,"em;AddItemEx(86,0,1,1)
fm;AddItemEx(113,0,1,1)
bh;AddItemEx(140,0,1,1)
qc;AddItemEx(584,0,1,1)
xq;AddItemEx(662,0,1,1)",0,,
87,主仆重逢,24,16,0,1,0,,,1,14,99,all,,,,,,,0,88,16,0,0,0,0,0,0,,0,,0,99,28 ,AddExp(3780);AddNimbus(1890);AddMoney(1176),,,,,0,,
89,林中水源,24,17,0,1,0,,,1,15,99,all,,,,,,,0,352,30,0,0,0,0,0,0,,0,,0,99,30 ,AddExp(4200);AddNimbus(2100);AddMoney(1260),,,,,0,,
91,严寒的威胁,24,18,0,1,0,,,1,16,99,all,,,,,,,0,0,0,415,16,86,415,0.5,16,,0,,0,99,32 ,AddExp(4640);AddNimbus(2320);AddMoney(1440),,,,,0,,
93,寨主黑神,24,18,1,1,0,,,1,17,99,all,CheckTaskFinished(81),,,,,,0,95;79,1;10,0,0,0,0,0,0,,0,,0,99,30 ,AddExp(4350);AddNimbus(2175);AddMoney(1350),,,,,0,,
95,兄弟手足,24,19,0,1,0,,,1,17,99,all,,,,,,,0,74,18,0,0,0,0,0,0,,0,,0,99,32 ,AddExp(4800);AddNimbus(2400);AddMoney(1440),,,,,0,,
96,解救灵兽,24,20,0,1,0,,,1,18,99,all,,,GetItemSpace >= 1,,,,0,0,0,416,16,356,416,0.5,16,,0,,0,99,32 ,AddExp(4960);AddNimbus(2480);AddMoney(1536),,,,"em;AddItemEx(6,0,152,1)
fm;AddItemEx(26,0,152,1)
bh;AddItemEx(56,0,152,1)
qc;AddItemEx(552,0,152,1)
xq;AddItemEx(630,0,152,1)",0,,
97,诡异法阵,24,20,0,1,0,,,1,18,99,all,CheckTaskFinished(95),,,,,,0,356,20,0,0,0,0,0,0,,0,,0,99,30 ,AddExp(4650);AddNimbus(2325);AddMoney(1440),,,,,0,,
172,被困的举子(副本),21,26,11,1,0,,,1,22,99,all,GetTaskItemSpace >= 1,,,,,,0,0,0,378,1,261,378,1,1,,0,,0,99,20,AddExp(3700);AddNimbus(1850);AddMoney(1140),"AddItemEx(3970,0,0,1)
AddItemEx(404,0,0,1)
AddItemEx(401,0,0,1)",,,,0,,
179,金屋藏娇,16,28,1,1,0,,,1,25,99,all,,,,,,,0,69;68,1;20,0,0,0,0,0,0,,0,,0,99,30,AddExp(5850);AddNimbus(2925);AddMoney(1800),,,,,0,,
181,慈云金刚,16,29,0,1,0,,,1,26,99,all,,,,,,,0,121,30,0,0,0,0,0,0,,0,,0,99,26,AddExp(5200);AddNimbus(2600);AddMoney(1560),,,,,0,,
88,藤须洞异兽,27,16,11,1,0,,,1,14,99,all,CheckTaskFinished(87),,,,,,0,351,1,0,0,0,0,0,0,,0,,0,99,30 ,AddExp(4050);AddNimbus(2025);AddMoney(1260),,,,"em;AddItemEx(313,0,1,1)
fm;AddItemEx(322,0,1,1)
bh;AddItemEx(331,0,1,1)
qc;AddItemEx(620,0,1,1)
xq;AddItemEx(698,0,1,1)",0,,
90,虎王平坡,27,17,11,1,0,,,1,15,99,all,,,GetItemSpace >= 1,,,,0,353,1,0,0,0,0,0,0,,0,,0,99,40 ,AddExp(5600);AddNimbus(2800);AddMoney(1680),,,,"em;AddItemEx(286,0,1,1)
fm;AddItemEx(295,0,1,1)
bh;AddItemEx(304,0,1,1)
qc;AddItemEx(611,0,1,1)
xq;AddItemEx(689,0,1,1)",0,,
94,桃源土著,27,18,11,1,0,,,1,16,99,all,,,,,,,0,355,1,0,0,0,0,0,0,,0,,0,99,40 ,AddExp(5800);AddNimbus(2900);AddMoney(1800),,,,,0,,
99,妖道邪法 ,27,20,11,1,0,,,1,18,99,all,CheckTaskFinished(97),,GetItemSpace >= 1,,,,0,94,1,0,0,0,0,0,0,,0,,0,99,40 ,AddExp(6200);AddNimbus(3100);AddMoney(1920),"AddItemEx(382,0,0,1)
AddItemEx(4443,0,0,1)
AddItemEx(344,0,0,1)",,,,0,,
111,消灭毒菌(副本) ,20,17,11,1,0,,,1,14,99,all,GetTaskItemSpace >= 1,,,,,,0,0,0,339,5,174,339,1,5,,0,,0,99,18 ,AddExp(2520);AddNimbus(1260);AddMoney(756),,,,,0,,
113,邪恶的毒菌(副本) ,20,17,11,1,0,,,1,15,99,all,CheckTaskFinished(111),,,,,,0,156,1,0,0,0,0,0,0,,0,,0,99,24 ,AddExp(3360);AddNimbus(1680);AddMoney(1008),"AddItemEx(344,0,0,1)
AddItemEx(404,0,0,1)",,,,0,,
114,神秘的祭坛(副本),20,16,11,1,0,,,1,12,99,all,"CheckTaskFinished(103)
GetTaskItemSpace >= 1",,GetItemSpace >= 1,,,,0,0,0,340,10,146;147;148;149;154;155;169;170;171;172;,340;340;340;340;340;340;340;340;340;340,0.5;0.5;0.5;0.5;0.5;0.5;0.5;0.5;0.5;0.5,10;10;10;10;10;10;10;10;10;10,,0,,0,99,36 ,AddExp(4860);AddNimbus(2430);AddMoney(1512),,,,"em;AddItemEx(313,0,1,1)
fm;AddItemEx(322,0,1,1)
bh;AddItemEx(331,0,1,1)
qc;AddItemEx(620,0,1,1)
xq;AddItemEx(698,0,1,1)",0,,
115,远古石像(副本),20,18,11,1,0,,,1,14,99,all,CheckTaskFinished(114),,,,,,0,158,1,0,0,0,0,0,0,,0,,0,99,24 ,AddExp(3480);AddNimbus(1740);AddMoney(1080),"AddItemEx(4443,0,0,1)
AddItemEx(404,0,0,1)",,,,0,,
120,灵魂的怨气(副本) ,20,20,11,1,0,,,1,18,99,all,CheckTaskFinished(119),,,,,,0,157,1,0,0,0,0,0,0,,0,,0,99,42 ,AddExp(6510);AddNimbus(3255);AddMoney(2016),,,,,0,,
121,超度亡魂(副本),20,20,11,1,0,,,1,18,99,all,CheckTaskFinished(116),,GetItemSpace >= 1,,,,0,159,1,0,0,0,0,0,0,,0,,0,99,42 ,AddExp(6510);AddNimbus(3255);AddMoney(2016),"AddItemEx(382,0,0,1)",,,"em;AddItemEx(67,0,202,1)
fm;AddItemEx(68,0,202,1)
bh;AddItemEx(74,0,202,1)
qc;AddItemEx(572,0,202,1)
xq;AddItemEx(650,0,202,1)",0,,
177,金身罗汉(副本),16,27,11,1,0,,,1,25,99,all,,,GetItemSpace >= 1,,,,0,263,1,0,0,0,0,0,0,,0,,0,99,40,AddExp(7600);AddNimbus(3800);AddMoney(2280),,"AddItemEx(240,0,52,1)
AddItemEx(240,0,51,1)",,,0,,
180,欢喜殿(副本),21,28,11,1,0,,,1,24,99,all,,,GetItemSpace >= 1,,,,0,266,1,0,0,0,0,0,0,,0,,0,99,40,AddExp(7800);AddNimbus(3900);AddMoney(2400),,,,"em;AddItemEx(78,0,1,1)
fm;AddItemEx(105,0,1,1)
bh;AddItemEx(132,0,1,1)
qc;AddItemEx(576,0,1,1)
xq;AddItemEx(654,0,1,1)",0,,
182,绿袍老祖(副本),21,29,11,1,0,,,1,26,99,all,,,GetItemSpace >= 1,,,,0,262,1,0,0,0,0,0,0,,0,,0,99,40,AddExp(8000);AddNimbus(4000);AddMoney(2400),,,,"em;AddItemEx(66,0,202,1)
fm;AddItemEx(69,0,202,1)
bh;AddItemEx(75,0,202,1)
qc;AddItemEx(573,0,202,1)
xq;AddItemEx(651,0,202,1)",0,,
186,清理欢喜殿(副本),21,30,11,1,0,,,1,28,99,all,,,GetItemSpace >= 1,,,,0,264,1,0,0,0,0,0,0,,0,,0,99,40,AddExp(8200);AddNimbus(4100);AddMoney(2520),,,,"em;AddItemEx(7,0,152,1)
fm;AddItemEx(27,0,152,1)
bh;AddItemEx(57,0,152,1)
qc;AddItemEx(553,0,152,1)
xq;AddItemEx(631,0,152,1)",0,,
300,四象神兽,15,25,0,1,0,,,1,25,99,all,GetTaskItemSpace >= 1,,GetItemSpace >= 1,,,,0,0,0,803;804;805,1;1;1,94;159;264,803;804;805,1;1;1,1;1;1;,,0,,0,99,20 ,AddExp(3600);AddNimbus(1800);AddMoney(1080),"AddItem (1200,1)",,,,0,,
807,入虎穴杀妖道,27,23,1,1,0,,,1,20,99,all,CheckTaskFinished(806),,,,,,0,351;353;355;94;,1;1;1;1,4051,1,94,4051,1,1,,0,,0,99,48 ,AddExp(8160);AddNimbus(4080);AddMoney(2448),,,,,0,,
98,古城冤魂,27,20,11,1,0,,,1,18,99,all,CheckTaskFinished(96),,GetItemSpace >= 1,,,,0,357,30,0,0,0,0,0,0,,0,,0,99,40 ,AddExp(6200);AddNimbus(3100);AddMoney(1920),,,,"em;AddItemEx(67,0,202,1)
fm;AddItemEx(68,0,202,1)
bh;AddItemEx(74,0,202,1)
qc;AddItemEx(572,0,202,1)
xq;AddItemEx(650,0,202,1)",0,,
831,"一切都是爱,天尊情深意粽",15,10,1,0,3,,,1,10,99,all,,,GetItemSpace >= 1,,,,0,0,0,4547;4548;4549;4550,5;5;5;5,0,0,0,0,,0,,0,99,,AddExp(3450);AddNimbus(2875),"AddItemEx(4516,0,0,1)",,,,,,
832,天尊情深意粽O致[藏版！？,15,10,1,1,,,,1,10,99,all,,,GetItemSpace >= 1,,,,0,0,0,4518;4519;4520;4521,1;1;1;1,0,0,0,0,,0,,0,99,,,"AddItemEx(4524,0,0,1)",,,,,,
833,阿h，救屈原！,15,25,1,1,,,,1,25,99,all,,,GetItemSpace >= 1,,,,0,5054,1,0,0,0,0,0,0,,0,,0,99,,AddExp(2999);AddNimbus(1999),"AddItemEx(4554,0,0,1)",,,,,,
840,决战七星,30,60,11,0,,3,,1,55,99,all,,,,,,,0,4611;4612;4615;4760;4761;4762;4763;4764;4765;4766;4767;,1;1;1;1;1;1;1;1;1;1;1;,0,0,0,0,0,0,,0,,0,99,250 ,"AddCredit(30,2500);AddExp(17750);AddNimbus(2958)",,,,,,,
850,魔宫围剿行动(重复),28,45,11,0,0,3,,1,45,99,all,,,,,,,0,4303;4308;4309;4310;4319;4320;,10;10;10;10;10;10;,0,0,0,0,0,0,,0,,0,99,60 ,"AddCredit(28,600);AddExp(3360);AddNimbus(560)",,,,,0,,
,,,,,,,,,,,,,,,,,,,,,,,,,,,,,,,,,,,,,,,,,
,,,,,,,,,,,,,,,,,,,,,,,,,,,,,,,,,,,,,,,,,
,,,,,,,,,,,,,,,,,,,,,,,,,,,,,,,,,,,,,,,,,
,,,,,,,,,,,,,,,,,,,,,,,,,,,,,,,,,,,,,,,,,
,,,,,,,,,,,,,,,,,,,,,,,,,,,,,,,,,,,,,,,,,
,,,,,,,,,,,,,,,,,,,,,,,,,,,,,,,,,,,,,,,,,
,,,,,,,,,,,,,,,,,,,,,,,,,,,,,,,,,,,,,,,,,
,,,,,,,,,,,,,,,,,,,,,,,,,,,,,,,,,,,,,,,,,
,,,,,,,,,,,,,,,,,,,,,,,,,,,,,,,,,,,,,,,,,
,,,,,,,,,,,,,,,,,,,,,,,,,,,,,,,,,,,,,,,,,
,,,,,,,,,,,,,,,,,,,,,,,,,,,,,,,,,,,,,,,,,
,,,,,,,,,,,,,,,,,,,,,,,,,,,,,,,,,,,,,,,,,
,,,,,,,,,,,,,,,,,,,,,,,,,,,,,,,,,,,,,,,,,
,,,,,,,,,,,,,,,,,,,,,,,,,,,,,,,,,,,,,,,,,
,,,,,,,,,,,,,,,,,,,,,,,,,,,,,,,,,,,,,,,,,
,,,,,,,,,,,,,,,,,,,,,,,,,,,,,,,,,,,,,,,,,
,,,,,,,,,,,,,,,,,,,,,,,,,,,,,,,,,,,,,,,,,
,,,,,,,,,,,,,,,,,,,,,,,,,,,,,,,,,,,,,,,,,
,,,,,,,,,,,,,,,,,,,,,,,,,,,,,,,,,,,,,,,,,
,,,,,,,,,,,,,,,,,,,,,,,,,,,,,,,,,,,,,,,,,
,,,,,,,,,,,,,,,,,,,,,,,,,,,,,,,,,,,,,,,,,
,,,,,,,,,,,,,,,,,,,,,,,,,,,,,,,,,,,,,,,,,
,,,,,,,,,,,,,,,,,,,,,,,,,,,,,,,,,,,,,,,,,
,,,,,,,,,,,,,,,,,,,,,,,,,,,,,,,,,,,,,,,,,
,,,,,,,,,,,,,,,,,,,,,,,,,,,,,,,,,,,,,,,,,
,,,,,,,,,,,,,,,,,,,,,,,,,,,,,,,,,,,,,,,,,
,,,,,,,,,,,,,,,,,,,,,,,,,,,,,,,,,,,,,,,,,
,,,,,,,,,,,,,,,,,,,,,,,,,,,,,,,,,,,,,,,,,
,,,,,,,,,,,,,,,,,,,,,,,,,,,,,,,,,,,,,,,,,
,,,,,,,,,,,,,,,,,,,,,,,,,,,,,,,,,,,,,,,,,
,,,,,,,,,,,,,,,,,,,,,,,,,,,,,,,,,,,,,,,,,
,,,,,,,,,,,,,,,,,,,,,,,,,,,,,,,,,,,,,,,,,
,,,,,,,,,,,,,,,,,,,,,,,,,,,,,,,,,,,,,,,,,
,,,,,,,,,,,,,,,,,,,,,,,,,,,,,,,,,,,,,,,,,
,,,,,,,,,,,,,,,,,,,,,,,,,,,,,,,,,,,,,,,,,
,,,,,,,,,,,,,,,,,,,,,,,,,,,,,,,,,,,,,,,,,
,,,,,,,,,,,,,,,,,,,,,,,,,,,,,,,,,,,,,,,,,
,,,,,,,,,,,,,,,,,,,,,,,,,,,,,,,,,,,,,,,,,
,,,,,,,,,,,,,,,,,,,,,,,,,,,,,,,,,,,,,,,,,
,,,,,,,,,,,,,,,,,,,,,,,,,,,,,,,,,,,,,,,,,
,,,,,,,,,,,,,,,,,,,,,,,,,,,,,,,,,,,,,,,,,
,,,,,,,,,,,,,,,,,,,,,,,,,,,,,,,,,,,,,,,,,
,,,,,,,,,,,,,,,,,,,,,,,,,,,,,,,,,,,,,,,,,
,,,,,,,,,,,,,,,,,,,,,,,,,,,,,,,,,,,,,,,,,
,,,,,,,,,,,,,,,,,,,,,,,,,,,,,,,,,,,,,,,,,
,,,,,,,,,,,,,,,,,,,,,,,,,,,,,,,,,,,,,,,,,
,,,,,,,,,,,,,,,,,,,,,,,,,,,,,,,,,,,,,,,,,
,,,,,,,,,,,,,,,,,,,,,,,,,,,,,,,,,,,,,,,,,
,,,,,,,,,,,,,,,,,,,,,,,,,,,,,,,,,,,,,,,,,
,,,,,,,,,,,,,,,,,,,,,,,,,,,,,,,,,,,,,,,,,
,,,,,,,,,,,,,,,,,,,,,,,,,,,,,,,,,,,,,,,,,
,,,,,,,,,,,,,,,,,,,,,,,,,,,,,,,,,,,,,,,,,
,,,,,,,,,,,,,,,,,,,,,,,,,,,,,,,,,,,,,,,,,
,,,,,,,,,,,,,,,,,,,,,,,,,,,,,,,,,,,,,,,,,
,,,,,,,,,,,,,,,,,,,,,,,,,,,,,,,,,,,,,,,,,
,,,,,,,,,,,,,,,,,,,,,,,,,,,,,,,,,,,,,,,,,
,,,,,,,,,,,,,,,,,,,,,,,,,,,,,,,,,,,,,,,,,
,,,,,,,,,,,,,,,,,,,,,,,,,,,,,,,,,,,,,,,,,
,,,,,,,,,,,,,,,,,,,,,,,,,,,,,,,,,,,,,,,,,
,,,,,,,,,,,,,,,,,,,,,,,,,,,,,,,,,,,,,,,,,
,,,,,,,,,,,,,,,,,,,,,,,,,,,,,,,,,,,,,,,,,
,,,,,,,,,,,,,,,,,,,,,,,,,,,,,,,,,,,,,,,,,
,,,,,,,,,,,,,,,,,,,,,,,,,,,,,,,,,,,,,,,,,
,,,,,,,,,,,,,,,,,,,,,,,,,,,,,,,,,,,,,,,,,
,,,,,,,,,,,,,,,,,,,,,,,,,,,,,,,,,,,,,,,,,
,,,,,,,,,,,,,,,,,,,,,,,,,,,,,,,,,,,,,,,,,
,,,,,,,,,,,,,,,,,,,,,,,,,,,,,,,,,,,,,,,,,
,,,,,,,,,,,,,,,,,,,,,,,,,,,,,,,,,,,,,,,,,
,,,,,,,,,,,,,,,,,,,,,,,,,,,,,,,,,,,,,,,,,
,,,,,,,,,,,,,,,,,,,,,,,,,,,,,,,,,,,,,,,,,
,,,,,,,,,,,,,,,,,,,,,,,,,,,,,,,,,,,,,,,,,
,,,,,,,,,,,,,,,,,,,,,,,,,,,,,,,,,,,,,,,,,
,,,,,,,,,,,,,,,,,,,,,,,,,,,,,,,,,,,,,,,,,
,,,,,,,,,,,,,,,,,,,,,,,,,,,,,,,,,,,,,,,,,
,,,,,,,,,,,,,,,,,,,,,,,,,,,,,,,,,,,,,,,,,
,,,,,,,,,,,,,,,,,,,,,,,,,,,,,,,,,,,,,,,,,
,,,,,,,,,,,,,,,,,,,,,,,,,,,,,,,,,,,,,,,,,
,,,,,,,,,,,,,,,,,,,,,,,,,,,,,,,,,,,,,,,,,
,,,,,,,,,,,,,,,,,,,,,,,,,,,,,,,,,,,,,,,,,
,,,,,,,,,,,,,,,,,,,,,,,,,,,,,,,,,,,,,,,,,
,,,,,,,,,,,,,,,,,,,,,,,,,,,,,,,,,,,,,,,,,
,,,,,,,,,,,,,,,,,,,,,,,,,,,,,,,,,,,,,,,,,
,,,,,,,,,,,,,,,,,,,,,,,,,,,,,,,,,,,,,,,,,
,,,,,,,,,,,,,,,,,,,,,,,,,,,,,,,,,,,,,,,,,
,,,,,,,,,,,,,,,,,,,,,,,,,,,,,,,,,,,,,,,,,
,,,,,,,,,,,,,,,,,,,,,,,,,,,,,,,,,,,,,,,,,
,,,,,,,,,,,,,,,,,,,,,,,,,,,,,,,,,,,,,,,,,
,,,,,,,,,,,,,,,,,,,,,,,,,,,,,,,,,,,,,,,,,
,,,,,,,,,,,,,,,,,,,,,,,,,,,,,,,,,,,,,,,,,
,,,,,,,,,,,,,,,,,,,,,,,,,,,,,,,,,,,,,,,,,
,,,,,,,,,,,,,,,,,,,,,,,,,,,,,,,,,,,,,,,,,
,,,,,,,,,,,,,,,,,,,,,,,,,,,,,,,,,,,,,,,,,
,,,,,,,,,,,,,,,,,,,,,,,,,,,,,,,,,,,,,,,,,
,,,,,,,,,,,,,,,,,,,,,,,,,,,,,,,,,,,,,,,,,
,,,,,,,,,,,,,,,,,,,,,,,,,,,,,,,,,,,,,,,,,
,,,,,,,,,,,,,,,,,,,,,,,,,,,,,,,,,,,,,,,,,
,,,,,,,,,,,,,,,,,,,,,,,,,,,,,,,,,,,,,,,,,
,,,,,,,,,,,,,,,,,,,,,,,,,,,,,,,,,,,,,,,,,
,,,,,,,,,,,,,,,,,,,,,,,,,,,,,,,,,,,,,,,,,
,,,,,,,,,,,,,,,,,,,,,,,,,,,,,,,,,,,,,,,,,
,,,,,,,,,,,,,,,,,,,,,,,,,,,,,,,,,,,,,,,,,
,,,,,,,,,,,,,,,,,,,,,,,,,,,,,,,,,,,,,,,,,
,,,,,,,,,,,,,,,,,,,,,,,,,,,,,,,,,,,,,,,,,
,,,,,,,,,,,,,,,,,,,,,,,,,,,,,,,,,,,,,,,,,
,,,,,,,,,,,,,,,,,,,,,,,,,,,,,,,,,,,,,,,,,
,,,,,,,,,,,,,,,,,,,,,,,,,,,,,,,,,,,,,,,,,
,,,,,,,,,,,,,,,,,,,,,,,,,,,,,,,,,,,,,,,,,
,,,,,,,,,,,,,,,,,,,,,,,,,,,,,,,,,,,,,,,,,
,,,,,,,,,,,,,,,,,,,,,,,,,,,,,,,,,,,,,,,,,
,,,,,,,,,,,,,,,,,,,,,,,,,,,,,,,,,,,,,,,,,
,,,,,,,,,,,,,,,,,,,,,,,,,,,,,,,,,,,,,,,,,
,,,,,,,,,,,,,,,,,,,,,,,,,,,,,,,,,,,,,,,,,
,,,,,,,,,,,,,,,,,,,,,,,,,,,,,,,,,,,,,,,,,
,,,,,,,,,,,,,,,,,,,,,,,,,,,,,,,,,,,,,,,,,
,,,,,,,,,,,,,,,,,,,,,,,,,,,,,,,,,,,,,,,,,
,,,,,,,,,,,,,,,,,,,,,,,,,,,,,,,,,,,,,,,,,
,,,,,,,,,,,,,,,,,,,,,,,,,,,,,,,,,,,,,,,,,
,,,,,,,,,,,,,,,,,,,,,,,,,,,,,,,,,,,,,,,,,
,,,,,,,,,,,,,,,,,,,,,,,,,,,,,,,,,,,,,,,,,
,,,,,,,,,,,,,,,,,,,,,,,,,,,,,,,,,,,,,,,,,
,,,,,,,,,,,,,,,,,,,,,,,,,,,,,,,,,,,,,,,,,
,,,,,,,,,,,,,,,,,,,,,,,,,,,,,,,,,,,,,,,,,
,,,,,,,,,,,,,,,,,,,,,,,,,,,,,,,,,,,,,,,,,
,,,,,,,,,,,,,,,,,,,,,,,,,,,,,,,,,,,,,,,,,
,,,,,,,,,,,,,,,,,,,,,,,,,,,,,,,,,,,,,,,,,
,,,,,,,,,,,,,,,,,,,,,,,,,,,,,,,,,,,,,,,,,
,,,,,,,,,,,,,,,,,,,,,,,,,,,,,,,,,,,,,,,,,
,,,,,,,,,,,,,,,,,,,,,,,,,,,,,,,,,,,,,,,,,
,,,,,,,2,,,,,,,,,,,,,,,,,,,,,,,,,,,,,,,,,,
,,,,,,,3,,,,,,,,,,,,,,,,,,,,,,,,,,,,,,,,,,
,,,,,,,2,,,,,,,,,,,,,,,,,,,,,,,,,,,,,,,,,,
,,,,,,,2,,,,,,,,,,,,,,,,,,,,,,,,,,,,,,,,,,
,,,,,,,3,,,,,,,,,,,,,,,,,,,,,,,,,,,,,,,,,,
,,,,,,,2,,,,,,,,,,,,,,,,,,,,,,,,,,,,,,,,,,
,,,,,,,2,,,,,,,,,,,,,,,,,,,,,,,,,,,,,,,,,,
,,,,,,,2,,,,,,,,,,,,,,,,,,,,,,,,,,,,,,,,,,
,,,,,,,3,,,,,,,,,,,,,,,,,,,,,,,,,,,,,,,,,,
,,,,,,,3,,,,,,,,,,,,,,,,,,,,,,,,,,,,,,,,,,
,,,,,,,,,,,,,,,,,,,,,,,,,,,,,,,,,,,,,,,,,
,,,,,,,,,,,,,,,,,,,,,,,,,,,,,,,,,,,,,,,,,
,,,,,,,,,,,,,,,,,,,,,,,,,,,,,,,,,,,,,,,,,
,,,,,,,,,,,,,,,,,,,,,,,,,,,,,,,,,,,,,,,,,
,,,,,,,,,,,,,,,,,,,,,,,,,,,,,,,,,,,,,,,,,
,,,,,,,,,,,,,,,,,,,,,,,,,,,,,,,,,,,,,,,,,
,,,,,,,,,,,,,,,,,,,,,,,,,,,,,,,,,,,,,,,,,
,,,,,,,,,,,,,,,,,,,,,,,,,,,,,,,,,,,,,,,,,
,,,,,,,,,,,,,,,,,,,,,,,,,,,,,,,,,,,,,,,,,
,,,,,,,,,,,,,,,,,,,,,,,,,,,,,,,,,,,,,,,,,
,,,,,,,,,,,,,,,,,,,,,,,,,,,,,,,,,,,,,,,,,
,,,,,,,,,,,,,,,,,,,,,,,,,,,,,,,,,,,,,,,,,
,,,,,,,,,,,,,,,,,,,,,,,,,,,,,,,,,,,,,,,,,
,,,,,,,,,,,,,,,,,,,,,,,,,,,,,,,,,,,,,,,,,
,,,,,,,,,,,,,,,,,,,,,,,,,,,,,,,,,,,,,,,,,
,,,,,,,3,,,,,,,,,,,,,,,,,,,,,,,,,,,,,,,,,,
,,,,,,,,,,,,,,,,,,,,,,,,,,,,,,,,,,,,,,,,,
,,,,,,,,,,,,,,,,,,,,,,,,,,,,,,,,,,,,,,,,,
,,,,,,,,,,,,,,,,,,,,,,,,,,,,,,,,,,,,,,,,,
,,,,,,,,,,,,,,,,,,,,,,,,,,,,,,,,,,,,,,,,,
,,,,,,,,,,,,,,,,,,,,,,,,,,,,,,,,,,,,,,,,,
,,,,,,,,,,,,,,,,,,,,,,,,,,,,,,,,,,,,,,,,,
,,,,,,,,,,,,,,,,,,,,,,,,,,,,,,,,,,,,,,,,,
,,,,,,,,,,,,,,,,,,,,,,,,,,,,,,,,,,,,,,,,,
,,,,,,,,,,,,,,,,,,,,,,,,,,,,,,,,,,,,,,,,,
,,,,,,,,,,,,,,,,,,,,,,,,,,,,,,,,,,,,,,,,,
,,,,,,,,,,,,,,,,,,,,,,,,,,,,,,,,,,,,,,,,,
,,,,,,,,,,,,,,,,,,,,,,,,,,,,,,,,,,,,,,,,,
,,,,,,,,,,,,,,,,,,,,,,,,,,,,,,,,,,,,,,,,,
,,,,,,,,,,,,,,,,,,,,,,,,,,,,,,,,,,,,,,,,,
,,,,,,,,,,,,,,,,,,,,,,,,,,,,,,,,,,,,,,,,,
,,,,,,,,,,,,,,,,,,,,,,,,,,,,,,,,,,,,,,,,,
,,,,,,,,,,,,,,,,,,,,,,,,,,,,,,,,,,,,,,,,,
,,,,,,,,,,,,,,,,,,,,,,,,,,,,,,,,,,,,,,,,,
,,,,,,,,,,,,,,,,,,,,,,,,,,,,,,,,,,,,,,,,,
,,,,,,,,,,,,,,,,,,,,,,,,,,,,,,,,,,,,,,,,,
,,,,,,,,,,,,,,,,,,,,,,,,,,,,,,,,,,,,,,,,,
,,,,,,,,,,,,,,,,,,,,,,,,,,,,,,,,,,,,,,,,,
,,,,,,,,,,,,,,,,,,,,,,,,,,,,,,,,,,,,,,,,,
,,,,,,,,,,,,,,,,,,,,,,,,,,,,,,,,,,,,,,,,,
,,,,,,,,,,,,,,,,,,,,,,,,,,,,,,,,,,,,,,,,,
,,,,,,,,,,,,,,,,,,,,,,,,,,,,,,,,,,,,,,,,,
,,,,,,,,,,,,,,,,,,,,,,,,,,,,,,,,,,,,,,,,,
,,,,,,,,,,,,,,,,,,,,,,,,,,,,,,,,,,,,,,,,,
,,,,,,,,,,,,,,,,,,,,,,,,,,,,,,,,,,,,,,,,,
,,,,,,,,,,,,,,,,,,,,,,,,,,,,,,,,,,,,,,,,,
,,,,,,,,,,,,,,,,,,,,,,,,,,,,,,,,,,,,,,,,,
,,,,,,,,,,,,,,,,,,,,,,,,,,,,,,,,,,,,,,,,,
,,,,,,,,,,,,,,,,,,,,,,,,,,,,,,,,,,,,,,,,,
,,,,,,,,,,,,,,,,,,,,,,,,,,,,,,,,,,,,,,,,,
,,,,,,,,,,,,,,,,,,,,,,,,,,,,,,,,,,,,,,,,,
,,,,,,,,,,,,,,,,,,,,,,,,,,,,,,,,,,,,,,,,,
,,,,,,,,,,,,,,,,,,,,,,,,,,,,,,,,,,,,,,,,,
,,,,,,,,,,,,,,,,,,,,,,,,,,,,,,,,,,,,,,,,,
,,,,,,,,,,,,,,,,,,,,,,,,,,,,,,,,,,,,,,,,,
,,,,,,,,,,,,,,,,,,,,,,,,,,,,,,,,,,,,,,,,,
,,,,,,,,,,,,,,,,,,,,,,,,,,,,,,,,,,,,,,,,,
,,,,,,,,,,,,,,,,,,,,,,,,,,,,,,,,,,,,,,,,,
,,,,,,,,,,,,,,,,,,,,,,,,,,,,,,,,,,,,,,,,,
,,,,,,,,,,,,,,,,,,,,,,,,,,,,,,,,,,,,,,,,,
,,,,,,,,,,,,,,,,,,,,,,,,,,,,,,,,,,,,,,,,,
,,,,,,,,,,,,,,,,,,,,,,,,,,,,,,,,,,,,,,,,,
,,,,,,,,,,,,,,,,,,,,,,,,,,,,,,,,,,,,,,,,,
,,,,,,,,,,,,,,,,,,,,,,,,,,,,,,,,,,,,,,,,,
,,,,,,,,,,,,,,,,,,,,,,,,,,,,,,,,,,,,,,,,,
,,,,,,,,,,,,,,,,,,,,,,,,,,,,,,,,,,,,,,,,,
,,,,,,,,,,,,,,,,,,,,,,,,,,,,,,,,,,,,,,,,,
,,,,,,,,,,,,,,,,,,,,,,,,,,,,,,,,,,,,,,,,,
,,,,,,,,,,,,,,,,,,,,,,,,,,,,,,,,,,,,,,,,,
,,,,,,,,,,,,,,,,,,,,,,,,,,,,,,,,,,,,,,,,,
,,,,,,,,,,,,,,,,,,,,,,,,,,,,,,,,,,,,,,,,,
,,,,,,,,,,,,,,,,,,,,,,,,,,,,,,,,,,,,,,,,,
,,,,,,,,,,,,,,,,,,,,,,,,,,,,,,,,,,,,,,,,,
,,,,,,,,,,,,,,,,,,,,,,,,,,,,,,,,,,,,,,,,,
,,,,,,,,,,,,,,,,,,,,,,,,,,,,,,,,,,,,,,,,,
,,,,,,,,,,,,,,,,,,,,,,,,,,,,,,,,,,,,,,,,,
,,,,,,,,,,,,,,,,,,,,,,,,,,,,,,,,,,,,,,,,,
,,,,,,,,,,,,,,,,,,,,,,,,,,,,,,,,,,,,,,,,,
,,,,,,,,,,,,,,,,,,,,,,,,,,,,,,,,,,,,,,,,,
,,,,,,,,,,,,,,,,,,,,,,,,,,,,,,,,,,,,,,,,,
,,,,,,,,,,,,,,,,,,,,,,,,,,,,,,,,,,,,,,,,,
,,,,,,,,,,,,,,,,,,,,,,,,,,,,,,,,,,,,,,,,,
,,,,,,,,,,,,,,,,,,,,,,,,,,,,,,,,,,,,,,,,,
,,,,,,,,,,,,,,,,,,,,,,,,,,,,,,,,,,,,,,,,,
,,,,,,,,,,,,,,,,,,,,,,,,,,,,,,,,,,,,,,,,,
,,,,,,,,,,,,,,,,,,,,,,,,,,,,,,,,,,,,,,,,,
,,,,,,,,,,,,,,,,,,,,,,,,,,,,,,,,,,,,,,,,,
,,,,,,,,,,,,,,,,,,,,,,,,,,,,,,,,,,,,,,,,,
,,,,,,,,,,,,,,,,,,,,,,,,,,,,,,,,,,,,,,,,,
,,,,,,,,,,,,,,,,,,,,,,,,,,,,,,,,,,,,,,,,,
,,,,,,,,,,,,,,,,,,,,,,,,,,,,,,,,,,,,,,,,,
,,,,,,,,,,,,,,,,,,,,,,,,,,,,,,,,,,,,,,,,,
,,,,,,,,,,,,,,,,,,,,,,,,,,,,,,,,,,,,,,,,,
,,,,,,,,,,,,,,,,,,,,,,,,,,,,,,,,,,,,,,,,,
,,,,,,,,,,,,,,,,,,,,,,,,,,,,,,,,,,,,,,,,,
,,,,,,,,,,,,,,,,,,,,,,,,,,,,,,,,,,,,,,,,,
,,,,,,,,,,,,,,,,,,,,,,,,,,,,,,,,,,,,,,,,,
,,,,,,,,,,,,,,,,,,,,,,,,,,,,,,,,,,,,,,,,,
,,,,,,,,,,,,,,,,,,,,,,,,,,,,,,,,,,,,,,,,,
,,,,,,,,,,,,,,,,,,,,,,,,,,,,,,,,,,,,,,,,,
,,,,,,,,,,,,,,,,,,,,,,,,,,,,,,,,,,,,,,,,,
,,,,,,,2,,,,,,,,,,,,,,,,,,,,,,,,,,,,,,,,,,
,,,,,,,3,,,,,,,,,,,,,,,,,,,,,,,,,,,,,,,,,,
,,,,,,,,,,,,,,,,,,,,,,,,,,,,,,,,,,,,,,,,,
,,,,,,,,,,,,,,,,,,,,,,,,,,,,,,,,,,,,,,,,,
,,,,,,,,,,,,,,,,,,,,,,,,,,,,,,,,,,,,,,,,,
,,,,,,,,,,,,,,,,,,,,,,,,,,,,,,,,,,,,,,,,,
,,,,,,,,,,,,,,,,,,,,,,,,,,,,,,,,,,,,,,,,,
,,,,,,,,,,,,,,,,,,,,,,,,,,,,,,,,,,,,,,,,,
,,,,,,,,,,,,,,,,,,,,,,,,,,,,,,,,,,,,,,,,,
,,,,,,,,,,,,,,,,,,,,,,,,,,,,,,,,,,,,,,,,,
,,,,,,,,,,,,,,,,,,,,,,,,,,,,,,,,,,,,,,,,,
,,,,,,,,,,,,,,,,,,,,,,,,,,,,,,,,,,,,,,,,,
,,,,,,,,,,,,,,,,,,,,,,,,,,,,,,,,,,,,,,,,,
,,,,,,,,,,,,,,,,,,,,,,,,,,,,,,,,,,,,,,,,,
,,,,,,,,,,,,,,,,,,,,,,,,,,,,,,,,,,,,,,,,,
,,,,,,,,,,,,,,,,,,,,,,,,,,,,,,,,,,,,,,,,,
,,,,,,,,,,,,,,,,,,,,,,,,,,,,,,,,,,,,,,,,,
,,,,,,,,,,,,,,,,,,,,,,,,,,,,,,,,,,,,,,,,,
,,,,,,,,,,,,,,,,,,,,,,,,,,,,,,,,,,,,,,,,,
,,,,,,,,,,,,,,,,,,,,,,,,,,,,,,,,,,,,,,,,,
,,,,,,,,,,,,,,,,,,,,,,,,,,,,,,,,,,,,,,,,,
,,,,,,,,,,,,,,,,,,,,,,,,,,,,,,,,,,,,,,,,,
,,,,,,,,,,,,,,,,,,,,,,,,,,,,,,,,,,,,,,,,,
,,,,,,,,,,,,,,,,,,,,,,,,,,,,,,,,,,,,,,,,,
,,,,,,,,,,,,,,,,,,,,,,,,,,,,,,,,,,,,,,,,,
,,,,,,,,,,,,,,,,,,,,,,,,,,,,,,,,,,,,,,,,,
,,,,,,,,,,,,,,,,,,,,,,,,,,,,,,,,,,,,,,,,,
,,,,,,,,,,,,,,,,,,,,,,,,,,,,,,,,,,,,,,,,,
,,,,,,,,,,,,,,,,,,,,,,,,,,,,,,,,,,,,,,,,,
,,,,,,,,,,,,,,,,,,,,,,,,,,,,,,,,,,,,,,,,,
,,,,,,,,,,,,,,,,,,,,,,,,,,,,,,,,,,,,,,,,,
,,,,,,,,,,,,,,,,,,,,,,,,,,,,,,,,,,,,,,,,,
,,,,,,,,,,,,,,,,,,,,,,,,,,,,,,,,,,,,,,,,,
,,,,,,,,,,,,,,,,,,,,,,,,,,,,,,,,,,,,,,,,,
,,,,,,,,,,,,,,,,,,,,,,,,,,,,,,,,,,,,,,,,,
,,,,,,,,,,,,,,,,,,,,,,,,,,,,,,,,,,,,,,,,,
,,,,,,,,,,,,,,,,,,,,,,,,,,,,,,,,,,,,,,,,,
,,,,,,,,,,,,,,,,,,,,,,,,,,,,,,,,,,,,,,,,,
,,,,,,,,,,,,,,,,,,,,,,,,,,,,,,,,,,,,,,,,,
,,,,,,,,,,,,,,,,,,,,,,,,,,,,,,,,,,,,,,,,,
,,,,,,,,,,,,,,,,,,,,,,,,,,,,,,,,,,,,,,,,,
,,,,,,,,,,,,,,,,,,,,,,,,,,,,,,,,,,,,,,,,,
,,,,,,,,,,,,,,,,,,,,,,,,,,,,,,,,,,,,,,,,,
,,,,,,,,,,,,,,,,,,,,,,,,,,,,,,,,,,,,,,,,,
,,,,,,,,,,,,,,,,,,,,,,,,,,,,,,,,,,,,,,,,,
,,,,,,,,,,,,,,,,,,,,,,,,,,,,,,,,,,,,,,,,,
,,,,,,,,,,,,,,,,,,,,,,,,,,,,,,,,,,,,,,,,,
,,,,,,,,,,,,,,,,,,,,,,,,,,,,,,,,,,,,,,,,,
,,,,,,,,,,,,,,,,,,,,,,,,,,,,,,,,,,,,,,,,,
,,,,,,,,,,,,,,,,,,,,,,,,,,,,,,,,,,,,,,,,,
,,,,,,,,,,,,,,,,,,,,,,,,,,,,,,,,,,,,,,,,,
,,,,,,,,,,,,,,,,,,,,,,,,,,,,,,,,,,,,,,,,,
,,,,,,,,,,,,,,,,,,,,,,,,,,,,,,,,,,,,,,,,,
,,,,,,,,,,,,,,,,,,,,,,,,,,,,,,,,,,,,,,,,,
,,,,,,,,,,,,,,,,,,,,,,,,,,,,,,,,,,,,,,,,,
,,,,,,,,,,,,,,,,,,,,,,,,,,,,,,,,,,,,,,,,,
,,,,,,,,,,,,,,,,,,,,,,,,,,,,,,,,,,,,,,,,,
,,,,,,,,,,,,,,,,,,,,,,,,,,,,,,,,,,,,,,,,,
,,,,,,,,,,,,,,,,,,,,,,,,,,,,,,,,,,,,,,,,,
,,,,,,,,,,,,,,,,,,,,,,,,,,,,,,,,,,,,,,,,,
,,,,,,,,,,,,,,,,,,,,,,,,,,,,,,,,,,,,,,,,,
,,,,,,,,,,,,,,,,,,,,,,,,,,,,,,,,,,,,,,,,,
,,,,,,,,,,,,,,,,,,,,,,,,,,,,,,,,,,,,,,,,,
,,,,,,,,,,,,,,,,,,,,,,,,,,,,,,,,,,,,,,,,,
,,,,,,,,,,,,,,,,,,,,,,,,,,,,,,,,,,,,,,,,,
,,,,,,,,,,,,,,,,,,,,,,,,,,,,,,,,,,,,,,,,,
,,,,,,,,,,,,,,,,,,,,,,,,,,,,,,,,,,,,,,,,,
,,,,,,,,,,,,,,,,,,,,,,,,,,,,,,,,,,,,,,,,,
,,,,,,,,,,,,,,,,,,,,,,,,,,,,,,,,,,,,,,,,,
,,,,,,,,,,,,,,,,,,,,,,,,,,,,,,,,,,,,,,,,,
,,,,,,,,,,,,,,,,,,,,,,,,,,,,,,,,,,,,,,,,,
,,,,,,,,,,,,,,,,,,,,,,,,,,,,,,,,,,,,,,,,,
,,,,,,,,,,,,,,,,,,,,,,,,,,,,,,,,,,,,,,,,,
,,,,,,,,,,,,,,,,,,,,,,,,,,,,,,,,,,,,,,,,,
,,,,,,,,,,,,,,,,,,,,,,,,,,,,,,,,,,,,,,,,,
,,,,,,,,,,,,,,,,,,,,,,,,,,,,,,,,,,,,,,,,,
,,,,,,,,,,,,,,,,,,,,,,,,,,,,,,,,,,,,,,,,,
,,,,,,,,,,,,,,,,,,,,,,,,,,,,,,,,,,,,,,,,,
,,,,,,,,,,,,,,,,,,,,,,,,,,,,,,,,,,,,,,,,,
,,,,,,,,,,,,,,,,,,,,,,,,,,,,,,,,,,,,,,,,,
,,,,,,,,,,,,,,,,,,,,,,,,,,,,,,,,,,,,,,,,,
,,,,,,,,,,,,,,,,,,,,,,,,,,,,,,,,,,,,,,,,,
,,,,,,,,,,,,,,,,,,,,,,,,,,,,,,,,,,,,,,,,,
,,,,,,,,,,,,,,,,,,,,,,,,,,,,,,,,,,,,,,,,,
,,,,,,,,,,,,,,,,,,,,,,,,,,,,,,,,,,,,,,,,,
,,,,,,,,,,,,,,,,,,,,,,,,,,,,,,,,,,,,,,,,,
,,,,,,,,,,,,,,,,,,,,,,,,,,,,,,,,,,,,,,,,,
,,,,,,,,,,,,,,,,,,,,,,,,,,,,,,,,,,,,,,,,,
,,,,,,,,,,,,,,,,,,,,,,,,,,,,,,,,,,,,,,,,,
,,,,,,,,,,,,,,,,,,,,,,,,,,,,,,,,,,,,,,,,,
,,,,,,,,,,,,,,,,,,,,,,,,,,,,,,,,,,,,,,,,,
,,,,,,,,,,,,,,,,,,,,,,,,,,,,,,,,,,,,,,,,,
,,,,,,,,,,,,,,,,,,,,,,,,,,,,,,,,,,,,,,,,,
,,,,,,,,,,,,,,,,,,,,,,,,,,,,,,,,,,,,,,,,,
,,,,,,,,,,,,,,,,,,,,,,,,,,,,,,,,,,,,,,,,,
,,,,,,,,,,,,,,,,,,,,,,,,,,,,,,,,,,,,,,,,,
,,,,,,,,,,,,,,,,,,,,,,,,,,,,,,,,,,,,,,,,,
,,,,,,,,,,,,,,,,,,,,,,,,,,,,,,,,,,,,,,,,,
,,,,,,,,,,,,,,,,,,,,,,,,,,,,,,,,,,,,,,,,,
,,,,,,,,,,,,,,,,,,,,,,,,,,,,,,,,,,,,,,,,,
,,,,,,,,,,,,,,,,,,,,,,,,,,,,,,,,,,,,,,,,,
,,,,,,,,,,,,,,,,,,,,,,,,,,,,,,,,,,,,,,,,,
,,,,,,,,,,,,,,,,,,,,,,,,,,,,,,,,,,,,,,,,,
,,,,,,,,,,,,,,,,,,,,,,,,,,,,,,,,,,,,,,,,,
,,,,,,,,,,,,,,,,,,,,,,,,,,,,,,,,,,,,,,,,,
,,,,,,,,,,,,,,,,,,,,,,,,,,,,,,,,,,,,,,,,,
,,,,,,,,,,,,,,,,,,,,,,,,,,,,,,,,,,,,,,,,,
,,,,,,,,,,,,,,,,,,,,,,,,,,,,,,,,,,,,,,,,,
,,,,,,,,,,,,,,,,,,,,,,,,,,,,,,,,,,,,,,,,,
,,,,,,,,,,,,,,,,,,,,,,,,,,,,,,,,,,,,,,,,,
,,,,,,,,,,,,,,,,,,,,,,,,,,,,,,,,,,,,,,,,,
,,,,,,,,,,,,,,,,,,,,,,,,,,,,,,,,,,,,,,,,,
,,,,,,,,,,,,,,,,,,,,,,,,,,,,,,,,,,,,,,,,,
,,,,,,,,,,,,,,,,,,,,,,,,,,,,,,,,,,,,,,,,,
,,,,,,,,,,,,,,,,,,,,,,,,,,,,,,,,,,,,,,,,,
,,,,,,,,,,,,,,,,,,,,,,,,,,,,,,,,,,,,,,,,,
,,,,,,,,,,,,,,,,,,,,,,,,,,,,,,,,,,,,,,,,,
,,,,,,,,,,,,,,,,,,,,,,,,,,,,,,,,,,,,,,,,,
,,,,,,,,,,,,,,,,,,,,,,,,,,,,,,,,,,,,,,,,,
,,,,,,,,,,,,,,,,,,,,,,,,,,,,,,,,,,,,,,,,,
,,,,,,,,,,,,,,,,,,,,,,,,,,,,,,,,,,,,,,,,,
,,,,,,,,,,,,,,,,,,,,,,,,,,,,,,,,,,,,,,,,,
,,,,,,,,,,,,,,,,,,,,,,,,,,,,,,,,,,,,,,,,,
,,,,,,,,,,,,,,,,,,,,,,,,,,,,,,,,,,,,,,,,,
,,,,,,,,,,,,,,,,,,,,,,,,,,,,,,,,,,,,,,,,,
,,,,,,,,,,,,,,,,,,,,,,,,,,,,,,,,,,,,,,,,,
,,,,,,,,,,,,,,,,,,,,,,,,,,,,,,,,,,,,,,,,,
,,,,,,,,,,,,,,,,,,,,,,,,,,,,,,,,,,,,,,,,,
,,,,,,,,,,,,,,,,,,,,,,,,,,,,,,,,,,,,,,,,,
,,,,,,,,,,,,,,,,,,,,,,,,,,,,,,,,,,,,,,,,,
,,,,,,,,,,,,,,,,,,,,,,,,,,,,,,,,,,,,,,,,,
,,,,,,,,,,,,,,,,,,,,,,,,,,,,,,,,,,,,,,,,,
,,,,,,,,,,,,,,,,,,,,,,,,,,,,,,,,,,,,,,,,,
,,,,,,,,,,,,,,,,,,,,,,,,,,,,,,,,,,,,,,,,,
,,,,,,,,,,,,,,,,,,,,,,,,,,,,,,,,,,,,,,,,,
,,,,,,,,,,,,,,,,,,,,,,,,,,,,,,,,,,,,,,,,,
,,,,,,,,,,,,,,,,,,,,,,,,,,,,,,,,,,,,,,,,,
,,,,,,,2,,,,,,,,,,,,,,,,,,,,,,,,,,,,,,,,,,
,,,,,,,2,,,,,,,,,,,,,,,,,,,,,,,,,,,,,,,,,,
,,,,,,,2,,,,,,,,,,,,,,,,,,,,,,,,,,,,,,,,,,
,,,,,,,2,,,,,,,,,,,,,,,,,,,,,,,,,,,,,,,,,,
,,,,,,,2,,,,,,,,,,,,,,,,,,,,,,,,,,,,,,,,,,
,,,,,,,2,,,,,,,,,,,,,,,,,,,,,,,,,,,,,,,,,,
,,,,,,,2,,,,,,,,,,,,,,,,,,,,,,,,,,,,,,,,,,
,,,,,,,2,,,,,,,,,,,,,,,,,,,,,,,,,,,,,,,,,,
,,,,,,,2,,,,,,,,,,,,,,,,,,,,,,,,,,,,,,,,,,
,,,,,,,2,,,,,,,,,,,,,,,,,,,,,,,,,,,,,,,,,,
,,,,,,,,,,,,,,,,,,,,,,,,,,,,,,,,,,,,,,,,,
,,,,,,,,,,,,,,,,,,,,,,,,,,,,,,,,,,,,,,,,,
,,,,,,,,,,,,,,,,,,,,,,,,,,,,,,,,,,,,,,,,,
,,,,,,,,,,,,,,,,,,,,,,,,,,,,,,,,,,,,,,,,,
,,,,,,,,,,,,,,,,,,,,,,,,,,,,,,,,,,,,,,,,,
,,,,,,,,,,,,,,,,,,,,,,,,,,,,,,,,,,,,,,,,,
,,,,,,,,,,,,,,,,,,,,,,,,,,,,,,,,,,,,,,,,,
,,,,,,,,,,,,,,,,,,,,,,,,,,,,,,,,,,,,,,,,,
,,,,,,,,,,,,,,,,,,,,,,,,,,,,,,,,,,,,,,,,,
