,,基础属性,,,,,,,,,,,,,,,,,,,,,,,,,,,,释放过程（针对主动技能）,,,,,,,,,,,,,,,,,,,,,,,,,,特效表现,,客户端表现,,,
DWORD,string,int,int,,action,bool,bool,expr,bool,bool,bool,bool,,,,,,,,,,,,,,,,,int,DWORD,string,int,,,BYTE,WORD,int,,,,,int,int,,action,action,action,action,float,action,action,action,action,,,,,string,bool,bool,
,名字,效果类型,效果等级,效果减益类型,作用条件,同级是否覆盖,不能被自己取消（只对有益性的有效）,效果消失执行,攻击后消除,被攻击后消除,移动后消除,死亡后消除,触发次数,触发方式,触发并miss后是否计数,死亡后自身执行,攻击后自身执行,被近程攻击后自身执行,闪躲后自身执行,爆击后自身执行,招架后自身执行,被杀死后目标执行,攻击后目标执行,被近程攻击后目标执行,闪躲后目标执行,爆击后目标执行,招架后目标执行,竞技场专用,有益性,目标类型,目标限制,特殊作用,特殊处理,miss概率,最大目标个数,最大目标距离,地面目标半径,引导开始前自身临时执行,引导开始前目标临时执行,引导开始前自身执行,引导开始前目标执行,引导时间,引导次数,引导间隔,引导时自身临时执行,引导时目标临时执行,引导时自身执行,引导时目标执行,爆击几率,释放时自身临时执行,释放时目标临时执行,释放时自身执行,释放时目标执行,,,目标身上特效,目标身上特效link,图标,是否不显示图标,是否显示时间等信息,
ID,Name,m_Type,m_Level,m_DeBuffWeakType,m_pAddCondition,m_bOverlayOnSameLevel,m_bDisableSelfRemove,m_pEffectEndAction,m_bAttackDisappear,m_bBeAttackDisappear,m_bMoveDisappear,m_bDieDisappear,m_Trigger_Total,m_Trigger_Every,m_bTrigger_CountMiss,m_pTrigger_SelfDie,m_pTrigger_SelfAttack,m_pTrigger_SelfBeMeleeAttack,m_pTrigger_SelfMiss,m_pTrigger_SelfCritical,m_pTrigger_SelfParry,m_pTrigger_TargetDie,m_pTrigger_TargetAttack,m_pTrigger_TargetBeMeleeAttack,m_pTrigger_TargetMiss,m_pTrigger_TargetCritical,m_pTrigger_TargetParry,bDungeonOnly,Benefit,TargetType,TargetCondition,Special,NeedIdentity,ExecuteMissRate,TargetCount,TargetRange,TargetRadius,BeforeLoadingTmpSelf,BeforeLoadingTmpTarget,BeforeLoadingSelf,BeforeLoadingTarget,LoadingTime,LoadingCount,LoadingPeriod,LoadingTmpSelf,LoadingTmpTarget,LoadingSelf,LoadingTarget,CriticalRate,LaunchTmpSelf,LaunchTmpTarget,LaunchSelf,LaunchTarget,m_graph_StartEff,m_graph_StartEffLink,m_graph_Eff,m_graph_EffLink,Icon,m_bHide,m_bNotShowInfo,bcache
1,雷动九天,1,1,,,,,,,,,1,,,,,,,,,,,,,,,,,1,1,,,,,,,,,,,,20000,4,,,,AddHp(10),,,,,,,,,,,cpsw01,,,0
2,雷动九天,1,2,,,,,,,,,1,,,,,,,,,,,,,,,,,1,1,,,,,,,,,,,,40000,8,,,,AddHp(20),,,,,,,,,,,cpsw01,,,0
3,雷动九天,1,3,,,1,,,,,,1,,,,,,,,,,,,,,,,,1,1,,,,,,,,,,,,60000,12,,,,AddHp(30),,,,,,,,,,,cpsw01,,,0
4,神盾护体,2,1,,,,,,,,,1,,,,,,,,,,,,,,,,,1,1,,,,,,,,,,,,2000,2,,,,AddHp(5),,,,,,,,,,,cpsw01,,,0
5,神盾护体,2,2,,,1,,,,,,1,,,,,,,,,,,,,,,,,1,1,,,,,,,,,,,,4000,4,,,,AddHp(50),,,,,,,,,,,cpsw01,,,0
6,持续加血,3,1,,,1,,,,,,1,,,,,,,,,,,,,,,,,1,1,,1,,,,,,,,,,10000,5,,,,AddHp(50),,,,,,,,,,,cpsw01,,,0
7,持续伤血,4,1,,,0,,,,,,1,,,,,,,,,,,,,,,,,0,1,,1,,,,,,,,,,10000,5,,,,AddHp(-20),,,,,,,,,eff_poison_dot,,cpsw01,,,1
8,持续伤血,5,1,,,0,,,,,,1,,,,,,,,,,,,,,,,,0,1,,1,,,,,,,,,,10000,5,,,,AddHp(-20),,,,,,,,,eff_fire_dot,,cpsw01,,,1
9,缓速,6,1,,,1,,,,,,1,,,,,,,,,,,,,,,,,0,1,,2,,,,,,AddSpeedRate(-0.5),,,,3000,1,,,,,,,,,,,,,eff_slow,,ic_eskill13,,,1
10,暂时增加力量,7,1,,,0,,,,,,1,,,,,,,,,,,,,,,,,1,1,,,,,,,,AddStr(10),,,,180000,1,,,,,,,,,,,,,,,cpsw01,,,0
11,暂时增加法力上限,8,1,,,0,,,,,,1,,,,,,,,,,,,,,,,,1,1,,,,,,,,AddMaxMp(500),,,,360000,1,,,,,,,,,,,,,,,cpsw01,,,0
12,灼烧,5,1,,,0,,,,,,1,,,,,,,,,,,,,,,,,0,1,,1,,,,,,,,,,15000,5,,,,AddHp(EffParam1),,,,,,,,,eff_fire_dot,,cpsw01,,,0
13,加快回血(1级),13,1,,,1,,,,1,1,1,,,,,,,,,,,,,,,,,1,1,,1,,,,,,AddHpReg(5),,,,15000,1,,,,,,,,,,,,,,,ic_iu009,,,0
14,加快回魔(1级),14,1,,,1,,,,1,1,1,,,,,,,,,,,,,,,,,1,1,,1,,,,,,AddMpReg(8),,,,15000,1,,,,,,,,,,,,,,,ic_iu010,,,0
15,提升血上限,15,1,,,1,1,,,,,1,,,,,,,,,,,,,,,,,1,1,,,,,,,,AddMaxHp(EffParam1),,,,10000,1,,,,,,,,,,,,,,,ic_pet_hp,,1,0
16,加快回魔,16,1,,IsAttackState=0,1,1,,,,,1,,,,,,,,,,,,,,,,,1,1,,,,,,,,AddMpReg(EffParam1),,,,10000,1,,,,,,,,,,,,,,,ic_pet_mp,,1,0
17,加魔上限,17,1,,,1,1,,,,,1,,,,,,,,,,,,,,,,,1,1,,,,,,,,AddMaxMp(EffParam1),,,,10000,1,,,,,,,,,,,,,,,ic_pet_mp,,1,0
18,加快回血,18,1,,IsAttackState=0,1,1,,,,,1,,,,,,,,,,,,,,,,,1,1,,,,,,,,AddHpReg(EffParam1),,,,10000,1,,,,,,,,,,,,,,,ic_pet_hp,,1,0
100,加快回血(2级),13,2,,,1,,,,1,1,1,,,,,,,,,,,,,,,,,1,1,,1,,,,,,AddHpReg(8),,,,15000,1,,,,,,,,,,,,,,,ic_iu009,,,0
101,加快回魔(2级),14,2,,,1,,,,1,1,1,,,,,,,,,,,,,,,,,1,1,,1,,,,,,AddMpReg(12),,,,15000,1,,,,,,,,,,,,,,,ic_iu010,,,0
102,加快回血(3级),13,3,,,1,,,,1,1,1,,,,,,,,,,,,,,,,,1,1,,1,,,,,,AddHpReg(12),,,,15000,1,,,,,,,,,,,,,,,ic_iu009,,,0
103,加快回魔(3级),14,3,,,1,,,,1,1,1,,,,,,,,,,,,,,,,,1,1,,1,,,,,,AddMpReg(18),,,,15000,1,,,,,,,,,,,,,,,ic_iu010,,,0
104,加快回血(4级),13,4,,,1,,,,1,1,1,,,,,,,,,,,,,,,,,1,1,,1,,,,,,AddHpReg(16),,,,15000,1,,,,,,,,,,,,,,,ic_iu009,,,0
105,加快回魔(4级),14,4,,,1,,,,1,1,1,,,,,,,,,,,,,,,,,1,1,,1,,,,,,AddMpReg(24),,,,15000,1,,,,,,,,,,,,,,,ic_iu010,,,0
106,加快回血(5级),13,5,,,1,,,,1,1,1,,,,,,,,,,,,,,,,,1,1,,1,,,,,,AddHpReg(21),,,,15000,1,,,,,,,,,,,,,,,ic_iu009,,,0
107,加快回魔(5级),14,5,,,1,,,,1,1,1,,,,,,,,,,,,,,,,,1,1,,1,,,,,,AddMpReg(30),,,,15000,1,,,,,,,,,,,,,,,ic_iu010,,,0
108,加快回血(6级),13,6,,,1,,,,1,1,1,,,,,,,,,,,,,,,,,1,1,,1,,,,,,AddHpReg(26),,,,15000,1,,,,,,,,,,,,,,,ic_iu009,,,0
109,加快回魔(6级),14,6,,,1,,,,1,1,1,,,,,,,,,,,,,,,,,1,1,,1,,,,,,AddMpReg(39),,,,15000,1,,,,,,,,,,,,,,,ic_iu010,,,0
110,加快回血(7级),13,7,,,1,,,,1,1,1,,,,,,,,,,,,,,,,,1,1,,1,,,,,,AddHpReg(32),,,,15000,1,,,,,,,,,,,,,,,ic_iu009,,,0
111,加快回魔(7级),14,7,,,1,,,,1,1,1,,,,,,,,,,,,,,,,,1,1,,1,,,,,,AddMpReg(48),,,,15000,1,,,,,,,,,,,,,,,ic_iu010,,,0
112,加快回血(8级),13,8,,,1,,,,1,1,1,,,,,,,,,,,,,,,,,1,1,,1,,,,,,AddHpReg(38),,,,15000,1,,,,,,,,,,,,,,,ic_iu009,,,0
113,加快回魔(8级),14,8,,,1,,,,1,1,1,,,,,,,,,,,,,,,,,1,1,,1,,,,,,AddMpReg(57),,,,15000,1,,,,,,,,,,,,,,,ic_iu010,,,0
114,加快回血(9级),13,9,,,1,,,,1,1,1,,,,,,,,,,,,,,,,,1,1,,1,,,,,,AddHpReg(45),,,,15000,1,,,,,,,,,,,,,,,ic_iu009,,,0
115,加快回魔(9级),14,9,,,1,,,,1,1,1,,,,,,,,,,,,,,,,,1,1,,1,,,,,,AddMpReg(68),,,,15000,1,,,,,,,,,,,,,,,ic_iu010,,,0
116,加快回血(10级),13,10,,,1,,,,1,1,1,,,,,,,,,,,,,,,,,1,1,,1,,,,,,AddHpReg(53),,,,15000,1,,,,,,,,,,,,,,,ic_iu009,,,0
117,加快回魔(10级),14,10,,,1,,,,1,1,1,,,,,,,,,,,,,,,,,1,1,,1,,,,,,AddMpReg(80),,,,15000,1,,,,,,,,,,,,,,,ic_iu010,,,0
118,加快回血(11级),13,11,,,1,,,,1,1,1,,,,,,,,,,,,,,,,,1,1,,1,,,,,,AddHpReg(61),,,,15000,1,,,,,,,,,,,,,,,ic_iu009,,,0
119,加快回魔(11级),14,11,,,1,,,,1,1,1,,,,,,,,,,,,,,,,,1,1,,1,,,,,,AddMpReg(92),,,,15000,1,,,,,,,,,,,,,,,ic_iu010,,,0
120,主人加血上限,120,1,,,1,1,,,,,1,,,,,,,,,,,,,,,,,1,10,IsMyMaster=1,,,,,,,,,,,0,,5000,,,,"AddEffect(15,20+SelfLevel*10+SelfLevel*MasterBaseHp*0.01)",,,,,,,,,,ic_pet_hp,,,0
121,主人加魔,121,1,,,1,1,,,,,1,,,,,,,,,,,,,,,,,1,10,IsMyMaster=1,,,,,,,,,,,0,,5000,,,,"AddEffect(16,2+(SelfLevel*1.5+SelfLevel*MasterBaseMp*0.001)/2)",,,,,,,,,,ic_pet_mp,,,0
122,主人加魔上限,122,1,,,1,1,,,,,1,,,,,,,,,,,,,,,,,1,10,IsMyMaster=1,,,,,,,,,,,0,,5000,,,,"AddEffect(17,30+SelfLevel*15+SelfLevel*MasterBaseMp*0.01)",,,,,,,,,,ic_pet_mp,,,0
123,主人加血,123,1,,,1,1,,,,,1,,,,,,,,,,,,,,,,,1,10,IsMyMaster=1,,,,,,,,,,,0,,5000,,,,"AddEffect(18,2+(SelfLevel+SelfLevel*MasterBaseHp*0.001)/2)",,,,,,,,,,ic_pet_hp,,,0
124,强力回血(1级),19,1,,,1,1,,,,,1,,,,,,,,,,,,,,,,,1,1,,1,,,,,,,,,,15000,5,,,,AddHp(30),,,,,,,,,,,ic_iu004,,,0
125,强力回魔(1级),20,1,,,1,1,,,,,1,,,,,,,,,,,,,,,,,1,1,,1,,,,,,,,,,15000,5,,,,AddMp(45),,,,,,,,,,,ic_iu008,,,0
126,强力回血(2级),19,2,,,1,1,,,,,1,,,,,,,,,,,,,,,,,1,1,,1,,,,,,,,,,15000,5,,,,AddHp(90),,,,,,,,,,,ic_iu004,,,0
127,强力回魔(2级),20,2,,,1,1,,,,,1,,,,,,,,,,,,,,,,,1,1,,1,,,,,,,,,,15000,5,,,,AddMp(135),,,,,,,,,,,ic_iu008,,,0
128,金创药（小）,19,1,,,1,,,,,,1,,,,,,,,,,,,,,,,,1,1,,1,,,,,,,,,,10000,5,,,,AddHp(24),,,,,,,,,,,ic_im004,,,0
129,金创药（中）,19,1,,,1,,,,,,1,,,,,,,,,,,,,,,,,1,1,,1,,,,,,,,,,10000,5,,,,AddHp(100),,,,,,,,,,,ic_im005,,,0
130,金创药（大）,19,1,,,1,,,,,,1,,,,,,,,,,,,,,,,,1,1,,1,,,,,,,,,,10000,5,,,,AddHp(200),,,,,,,,,,,ic_im006,,,0
131,大丸丹（小）,20,1,,,1,,,,,,1,,,,,,,,,,,,,,,,,1,1,,1,,,,,,,,,,10000,5,,,,AddMp(24),,,,,,,,,,,ic_im007,,,0
132,大丸丹（中）,20,1,,,1,,,,,,1,,,,,,,,,,,,,,,,,1,1,,1,,,,,,,,,,10000,5,,,,AddMp(100),,,,,,,,,,,ic_im008,,,0
133,大丸丹（大）,20,1,,,1,,,,,,1,,,,,,,,,,,,,,,,,1,1,,1,,,,,,,,,,10000,5,,,,AddMp(200),,,,,,,,,,,ic_im009,,,0
134,强力回血(3级),19,2,,,1,1,,,,,1,,,,,,,,,,,,,,,,,1,1,,1,,,,,,,,,,15000,5,,,,AddHp(270),,,,,,,,,,,ic_iu004,,,0
135,强力回魔(3级),20,2,,,1,1,,,,,1,,,,,,,,,,,,,,,,,1,1,,1,,,,,,,,,,15000,5,,,,AddMp(405),,,,,,,,,,,ic_iu008,,,0
136,加快回血(12级),13,12,,,1,,,,1,1,1,,,,,,,,,,,,,,,,,1,1,,1,,,,,,AddHpReg(69),,,,15000,1,,,,,,,,,,,,,,,ic_iu009,,,0
137,加快回魔(12级),14,12,,,1,,,,1,1,1,,,,,,,,,,,,,,,,,1,1,,1,,,,,,AddMpReg(104),,,,15000,1,,,,,,,,,,,,,,,ic_iu010,,,0
138,加快回血(13级),13,13,,,1,,,,1,1,1,,,,,,,,,,,,,,,,,1,1,,1,,,,,,AddHpReg(79),,,,15000,1,,,,,,,,,,,,,,,ic_iu009,,,0
139,加快回魔(13级),14,13,,,1,,,,1,1,1,,,,,,,,,,,,,,,,,1,1,,1,,,,,,AddMpReg(118),,,,15000,1,,,,,,,,,,,,,,,ic_iu010,,,0
140,加快回血(14级),13,14,,,1,,,,1,1,1,,,,,,,,,,,,,,,,,1,1,,1,,,,,,AddHpReg(89),,,,15000,1,,,,,,,,,,,,,,,ic_iu009,,,0
141,加快回魔(14级),14,14,,,1,,,,1,1,1,,,,,,,,,,,,,,,,,1,1,,1,,,,,,AddMpReg(133),,,,15000,1,,,,,,,,,,,,,,,ic_iu010,,,0
142,加快回血(15级),13,15,,,1,,,,1,1,1,,,,,,,,,,,,,,,,,1,1,,1,,,,,,AddHpReg(99),,,,15000,1,,,,,,,,,,,,,,,ic_iu009,,,0
143,加快回魔(15级),14,15,,,1,,,,1,1,1,,,,,,,,,,,,,,,,,1,1,,1,,,,,,AddMpReg(149),,,,15000,1,,,,,,,,,,,,,,,ic_iu010,,,0
144,加快回血(16级),13,16,,,1,,,,1,1,1,,,,,,,,,,,,,,,,,1,1,,1,,,,,,AddHpReg(110),,,,15000,1,,,,,,,,,,,,,,,ic_iu009,,,0
145,加快回魔(16级),14,16,,,1,,,,1,1,1,,,,,,,,,,,,,,,,,1,1,,1,,,,,,AddMpReg(165),,,,15000,1,,,,,,,,,,,,,,,ic_iu010,,,0
146,加快回血(17级),13,17,,,1,,,,1,1,1,,,,,,,,,,,,,,,,,1,1,,1,,,,,,AddHpReg(122),,,,15000,1,,,,,,,,,,,,,,,ic_iu009,,,0
147,加快回魔(17级),14,17,,,1,,,,1,1,1,,,,,,,,,,,,,,,,,1,1,,1,,,,,,AddMpReg(182),,,,15000,1,,,,,,,,,,,,,,,ic_iu010,,,0
148,加快回血(18级),13,18,,,1,,,,1,1,1,,,,,,,,,,,,,,,,,1,1,,1,,,,,,AddHpReg(134),,,,15000,1,,,,,,,,,,,,,,,ic_iu009,,,0
149,加快回魔(18级),14,18,,,1,,,,1,1,1,,,,,,,,,,,,,,,,,1,1,,1,,,,,,AddMpReg(200),,,,15000,1,,,,,,,,,,,,,,,ic_iu010,,,0
150,加快回血(19级),13,19,,,1,,,,1,1,1,,,,,,,,,,,,,,,,,1,1,,1,,,,,,AddHpReg(146),,,,15000,1,,,,,,,,,,,,,,,ic_iu009,,,0
151,加快回魔(19级),14,19,,,1,,,,1,1,1,,,,,,,,,,,,,,,,,1,1,,1,,,,,,AddMpReg(219),,,,15000,1,,,,,,,,,,,,,,,ic_iu010,,,0
152,加快回血(20级),13,20,,,1,,,,1,1,1,,,,,,,,,,,,,,,,,1,1,,1,,,,,,AddHpReg(159),,,,15000,1,,,,,,,,,,,,,,,ic_iu009,,,0
153,加快回魔(20级),14,20,,,1,,,,1,1,1,,,,,,,,,,,,,,,,,1,1,,1,,,,,,AddMpReg(239),,,,15000,1,,,,,,,,,,,,,,,ic_iu010,,,0
154,强力回血,19,2,,,1,1,,,,,1,,,,,,,,,,,,,,,,,1,1,,1,,,,,,,,,,15000,5,,,,AddHp(90),,,,,,,,,,,rollthread-hp,,,0
155,强力回魔,20,2,,,1,1,,,,,1,,,,,,,,,,,,,,,,,1,1,,1,,,,,,,,,,15000,5,,,,AddMp(135),,,,,,,,,,,rollthread-mp,,,0
,,,,,,,,,,,,,,,,,,,,,,,,,,,,,,,,,,,,,,,,,,,,,,,,,,,,,,,,,,,,,
201,沉默(玄火锥),201,1,1,,1,,,,,,1,,,,,,,,,,,,,,,,,0,1,,4,,,,,,AddRangeAtt(-1),,,,EffParam1*1000,1,,,,,,,,,,,,,eff_stun,,ic_buff_stun,,,1
202,灼烧(火龙舞),202,1,,,1,,,,,,1,,,,,,,,,,,,,,,,,0,1,,12,,,,,,,,,,15000,5,,,,AddHp(-EffParam1/5),,,,,,,,,eff_fire_dot,,ic_buff_fire,,,1
211,冰冻(玄冰斩),211,1,,,1,,,,,,1,,,,,,,,,,,,,,,,,0,1,,3,,,,,,AddMove(-1),,,,EffParam1*1000,1,,,,,,,,,,,,,eff_debuff_ice,root,ic_eskill11,,,1
212,水系虚弱(飞流斩),212,1,,,1,,,,,,1,,,,,,,,,,,,,,,,,,,,,,,,,,"AddDeltaDmg(2, EffParam1)",,,,15000,1,,,,,,,,,,,,,eff_weak,,ic_skill_eskill14,,,1
213,缓速(海潮诀),6,2,2,,1,,,,,,1,,,,,,,,,,,,,,,,,0,1,,2,,,,,,AddSpeedRate(-(EffParam1/100.0)),,,,3000,1,,,,,,,,,,,,,eff_slow,,ic_eskill13,,,1
221,缓速(寒冰刺),6,2,3,,1,,,,,,1,,,,,,,,,,,,,,,,,0,1,,2,,,,,,AddSpeedRate(-0.8),,,,5000,1,,,,,,,,,,,,,eff_slow,,ic_eskill16,,,1
222,智力增强(刺穴术),222,1,,,1,,,,,,1,,,,,,,,,,,,,,,,,1,1,,,,,,,,AddWis(EffParam1),,,,1800*1000,1,,,,,,,,,,,,,,,ic_skill_eskill06,,,0
223,昏迷(晕穴术),223,1,,,1,,,,1,,1,,,,,,,,,,,,,,,,,0,1,,4,,,,,,AddMove(-1);AddAtt(-1),,,,EffParam1*1000,1,,,,,,,,,,,,,eff_coma,,ic_skill_eskill07,,,1
224,攻击增强(天罡术),224,1,,,1,,,,,,1,,,,,,,,,,,,,,,,,1,1,,,,,,,,"AddDmg(1,EffParam1);AddDmg(2,EffParam1);AddBreakRate_Pre(-1)",,,,EffParam2*1000,1,,,,,,,,,,,,,,,ic_skill_eskill08,,,0
225,昏迷(地罡术),225,1,5,,1,,,,,,1,,,,,,,,,,,,,,,,,0,1,,4,,,,,,AddMove(-1);AddAtt(-1),,,,5*1000,1,,,,,,,,,,,,,eff_stun,,ic_skill_eskill07,,,1
226,冰盾(寒冰盾),224,1,,,1,,,,,,1,10000,,,,,,,,,,,AddEffect(227),,,,,1,1,,,,(100-EffParam2)/100.0,,,,"AddArmor(0,EffParam1)",,,,1800*1000,1,,,,,,,,,,,,,,,ic_eskill15,,,1
227,缓速(寒冰盾),227,1,3,,1,,,,,,1,,,,,,,,,,,,,,,,,0,1,,2,,,,,,AddSpeedRate(-0.8),,,,3000,1,,,,,,,,,,,,,eff_slow,,ic_eskill16,,,1
,,,,,,,,,,,,,,,,,,,,,,,,,,,,,,,,,,,,,,,,,,,,,,,,,,,,,,,,,,,,,
401,晕眩(修罗・破),401,1,5,,,,,,,,1,,,,,,,,,,,,,,,,,0,1,,4,,,,,,AddMove(-1);AddAtt(-1),,,,EffParam1*1000,1,,,,,,,,,,,,,eff_stun,,ic_buff_stun,,,1
402,晕眩(修罗・定),402,1,5,,1,,,,,,1,,,,,,,,,,,,,,,,,0,1,,4,,,,,,AddMove(-1);AddAtt(-1),,,,3000,1,,,,,,,,,,,,,eff_stun,,ic_buff_stun,,,1
411,灼烧(寂灭・焚心),411,1,,,1,,,,,,1,,,,,,,,,,,,,,,,,0,1,,12,,,,,,,,,,15000,5,,,,AddHp(-EffParam1),,,,,,,,,eff_fire_dot,,ic_buff_fire,,,1
412,虚弱(寂灭・破甲),412,1,,,1,,,,,,1,,,,,,,,,,,,,,,,,0,1,,,,,,,,"AddArmor(0, -EffParam1)",,,,60000,1,,,,,,,,,,,,,eff_weak,,ic_skill_fskill08,,,1
413,降低伤害(寂灭・大悲),413,1,,,1,,,,,,1,,,,,,,,,,,,,,,,,0,1,,,,,,,,"AddDmg(0,-EffParam1)",,,,30000,1,,,,,,,,,,,,,,,ic_skill_fskill10,,,0
414,晕眩(寂灭・大悲),414,1,5,,1,,,,,,1,,,,,,,,,,,,,,,,,0,1,,,,,,,,AddMove(-1);AddAtt(-1),,,,5000,1,,,,,,,,,,,,,eff_stun,,ic_buff_stun,,,0
421,昏迷(大力金刚),421,1,6,,1,,,,,,1,,,,,,,,,,,,,,,,,0,1,,4,,,,,,AddMove(-1);AddAtt(-1),,,,5000,1,,,,,,,,,,,,,eff_stun,,ic_buff_stun,,,1
422,防御增强(金刚不坏),422,,,,1,,,,,,1,,,,,,,,,,,,,,,,,1,,,,,,,,,"AddDeltaDmg(0, -EffParam1);AddDeltaDmg(1, -EffParam1/5);AddDeltaDmg(2, -EffParam1/5);AddDeltaDmg(3, -EffParam1/5);AddDeltaDmg(4, -EffParam1/5);AddDeltaDmg(5, -EffParam1/5);",,,,EffParam2*1000+10000,1,,,,,,,,,,,,,eff_f_skill12,,ic_skill_fskill12,,,1
423,攻击增强(心火),423,1,,,1,,,,,,1,,,,,,,,,,,,,,,,,1,1,,,,,,,,"AddDmg(1,EffParam1);AddDmg(5,EffParam1)",,,,1800*1000,1,,,,,,,,,,,,,,,ic_skill_fskill14,,,0
424,防御增强(防字诀),423,1,,,1,,,,,,1,,,,,,,,,,,,,,,,,1,1,,,,,,,,AddMaxHp(EffParam1),,,,1800*1000,1,,,,,,,,,,,,,,,ic_skill_fskill15,,,0
425,范围减速(心灯),425,1,,,1,,DestroyMe,,,,1,,,,,,,,,,,,,,,,,0,1,,,,,5,,200,,,,,30000,30,,,,,AddEffect(426),,,,,,,,,,ic_skill_fskill13,,,0
426,减速(心灯),6,2,3,,1,,,,,,1,,,,,,,,,,,,,,,,,0,1,,2,,,,,,AddSpeedRate(-0.5),,,,3000,1,,,,,,,,,,,,,eff_slow,,ic_skill_fskill13,,,0
427,仇恨值增加(慈悲),427,1,,,1,,,,,,1,,,,,,,,,,,,,,,,,2,1,,,,,,,,AddUltraHate(EffParam1) ,,,,1800*1000,1,,,,,,,,,,,,,,,ic_skill_fskill17,,,0
428,强制攻击目标(舍身),428,1,,,1,,,,,,1,,,,,,,,,,,,,,,,,2,1,,,,,,,,"AddHate(EffParam1,5000000) ",,,,EffParam2*1000+10000,1,,,,,,,,,,,,,eff_f_skill18,,ic_skill_fskill18,,,0
431,晕眩(修罗・破),431,1,5,,,,,,,,1,,,,,,,,,,,,,,,,,0,1,,4,,,,,,"AddMove(-1);AddAtt(-1);AddDeltaDmgRate(5, EffParam2/100.0)",,,,EffParam1*1000,1,,,,,,,,,,,,,eff_stun,,ic_buff_stun,,,1
,,,,,,,,,,,,,,,,,,,,,,,,,,,,,,,,,,,,,,,,,,,,,,,,,,,,,,,,,,,,,
502,昏迷(力劈华山),502,1,5,,1,,,,,,1,,,,,,,,,,,,,,,,,0,1,,4,,,,,,AddMove(-1);AddAtt(-1),,,,EffParam1,1,,,,,,,,,,,,,eff_stun,,ic_buff_stun,,,1
504,缓速(雷霆万钧),6,2,3,,1,,,,,,1,,,,,,,,,,,,,,,,,0,1,,2,,,,,,AddSpeedRate(-EffParam2/100.0),,,,EffParam1*1000,1,,,,,,,,,,,,,eff_slow,,ic_buff_notmove,,,1
512,失魂(失魂),512,1,7,,1,,,,1,,1,,,,,,,,,,,,,,,,,0,1,,14,,,,,,AddMove(-1);AddAtt(-1),,,,EffParam1,1,,,,,,,,,,,,,eff_coma,,ic_skill_eskill07,,,1
513,昏迷(迅雷),513,1,5,,1,,,,,,1,,,,,,,,,,,,,,,,,0,1,,4,,,,,,AddMove(-1);AddAtt(-1),,,,EffParam1*1000,1,,,,,,,,,,,,,eff_stun,,ic_buff_stun,,,1
515,减速(毒刺),6,2,3,,1,,,,,,1,,,,,,,,,,,,,,,,,0,1,,2,,,,,,AddSpeedRate(-EffParam2/100.0),,,,EffParam1*1000,1,,,,,,,,,,,,,eff_slow,,ic_skill_qskill10,,,1
521,加速(疾行术),521,1,,,1,,,,,,1,,,,,,,,,,,,,,,,,1,1,,10,,,,,,AddSpeedRate(EffParam2/100.0),,,,EffParam1*1000,1,,,,,,,,,,,eff_q_skill15_start,root,eff_q_skill15,root,ic_skill_qskill15,,,1
522,增加闪躲(幻虚步),522,1,,,1,,,,,,1,,,,,,,,,,,,,,,,,1,1,,11,,,,,,AddDodgeRate(EffParam2/100.0),,,,EffParam1*1000,1,,,,,,,,,,,eff_q_skill16,root,eff_buff_powerup,root,ic_skill_qskill16,,,1
523,昏迷(镇魂诀),523,1,,,1,,,,1,,1,,,,,,,,,,,,,,,,,0,1,,4,,,,,,AddMove(-1);AddAtt(-1),,,,EffParam1*1000,1,,,,,,,,,,,,,eff_stun,,ic_buff_stun,,,1
524,增强防御(护身诀),524,1,,,1,,,,,,1,,,,,,,,,,,,,,,,,1,1,,,,,,,,"AddArmor(0, EffParam2)",,,,EffParam1*1000,1,,,,,,,,,,,,,,,ic_skill_qskill18,,,1
525,仇恨值减少(迷幻阵),525,1,,,1,,,,,,1,,,,,,,,,,,,,,,,,2,1,,,,,,,,AddUltraHate(-EffParam1) ,,,,1800*1000,1,,,,,,,,,,,,,,,ic_skill_qskill19,,,0
526,增强法术防御(五行阵),525,1,,,1,,,,,,1,,,,,,,,,,,,,,,,,1,1,,,,,,,,"AddArmor(1, EffParam2);AddArmor(2, EffParam2);AddArmor(3, EffParam2);AddArmor(4, EffParam2);AddArmor(5, EffParam2)",,,,EffParam1*1000,1,,,,,,,,,,,,,,,ic_skill_qskill20,,,1
527,昏迷(龙吟),527,1,6,,1,,,,,,1,,,,,,,,,,,,,,,,,0,1,,4,,,,,,AddMove(-1);AddAtt(-1),,,,EffParam1*1000,1,,,,,,,,,,,,,eff_stun,,ic_buff_stun,,,1
,,,,,,,,,,,,,,,,,,,,,,,,,,,,,,,,,,,,,,,,,,,,,,,,,,,,,,,,,,,,,
31,昏迷(怒雷轰),31,1,7,,1,,,,1,,1,,,,,,,,,,,,,,,,,0,1,,4,,,,,,AddMove(-1);AddAtt(-1),,,,5000,1,,,,,,,,,,,,,eff_coma,,ic_skill_bskill01,,,1
32,电系虚弱(紫云殇),32,1,,,,,,,,,1,,,,,,,,,,,,,,,,,0,1,,,,,,,,"AddDeltaDmg(4,EffParam1)",,,,15000,1,,,,,,,,,,,,,eff_weak,,ic_bskill02,,,1
33,佛法虚弱(金莲符),33,1,,,,,,,,,1,,,,,,,,,,,,,,,,,0,1,,,,,,,,"AddDeltaDmg(5,EffParam1)",,,,10000,1,,,,,,,,,,,,,eff_weak,,ic_bskill06,,,1
34,毒伤(金莲符),34,1,,,1,,,,,,1,,,,,,,,,,,,,,,,,0,1,,12,,,,,,,,,,10000,5,,,,AddHp(EffParam1),,,,,,,,,eff_poison_dot,,ic_buff_poison,,,1
35,持续加血(生津诀),35,1,,,1,,,,,,1,,,,,,,,,,,,,,,,,1,1,,1,,,,,,,,,,10000,5,,,,AddHp(EffParam1),,,,,,,,,eff_heal,root,ic_skill_bskill10,,,1
36,提升血上限(元阳针),36,1,,,1,,,,,,1,,,,,,,,,,,,,,,,,1,1,,,,,,,,AddMaxHp(EffParam1),,,,1200000,1,,,,,,,,,,,,,,,ic_skill_bskill14,,,
37,晕眩(紫云黯),37,1,5,,,,,,,,1,,,,,,,,,,,,,,,,,0,1,,4,,,,,,AddMove(-1);AddAtt(-1),,,,3000,1,,,,,,,,,,,,,eff_stun,,ic_skill_bskill15,,,1
38,缓速(紫烟幛),6,2,4,,1,,,,,,1,,,,,,,,,,,,,,,,,0,1,,2,,,,,,AddSpeedRate(-0.8),,,,10000,1,,,,,,,,,,,,,eff_slow,,ic_skill_bskill16,,,1
39,中毒(紫烟幛),39,1,,,1,,,,,,1,,,,,,,,,,,,,,,,,0,1,,12,,,,,,,,,,10000,5,,,,AddHp(EffParam1),,,,,,,,,eff_poison_dot,,ic_buff_poison,,,1
40,持续伤害(紫雷劲),40,1,,,1,,,,,,1,,,,,,,,,,,,,,,,,0,1,,12,,,,,,,,,,10000,5,,,,AddHp(EffParam1),,,,,,,,,eff_poison_dot,,ic_skill_bskill17,,,0
41,重生(紫晶劫),41,1,,,1,,,,,,,1,1,1,Revive,,,,,,,,,,,,,1,1,,,,(100-EffParam1)/100.0,,,,,,,,1200000,1,,,,,,,,,,,,,,,ic_skill_bskill18,,,0
42,保护(紫晶壁),42,1,,,1,,,,,,1,,,,,,,,,,,,,,,,,1,1,,8,,,,,,AddDmgPreReceive(EffParam1),,,,60000,1,,,,,,,,,,,,,,,ic_skill_bskill19,,,0
43,减速(激电缠),6,2,3,,1,,,,,,1,,,,,,,,,,,,,,,,,0,1,,2,,,,,,AddSpeedRate(-EffParam1/100.0),,,,3000,1,,,,,,,,,,,,,eff_slow,,cpsw01,,,0
44,攻击增强(风暴),44,1,,,1,,,,,,1,,,,,,,,,,,,,,,,,1,1,,,,,,,,"AddDmg(1,EffParam1);AddDmg(2,EffParam1);AddDmg(3,EffParam1);AddDmg(4,EffParam1);AddDmg(5,EffParam1)",,,,20000,1,,,,,,,,,,,,,,,ic_skill_fskill14,,,0
601,破甲(裂甲破),601,1,,,1,,,,,,1,,,,,,,,,,,,,,,,,0,1,,,,,,,,"AddArmor(0, -EffParam1);AddArmor(2, -EffParam1);AddArmor(3, -EffParam1)",,,,10000,1,,,,,,,,,,,,,eff_weak,,ic_skill_xskill01,,,1
602,缓速(荆棘破),6,2,3,,1,,,,,,1,,,,,,,,,,,,,,,,,0,1,,2,,,,,,AddSpeedRate(-EffParam1/100.0),,,,5000,1,,,,,,,,,,,,,eff_weak,,ic_skill_xskill03,,,1
603,降低攻击(无影破),603,1,,,1,,,,,,1,,,,,,,,,,,,,,,,,0,1,,,,,,,,"AddDmg(0, -EffParam1);AddDmg(1, -EffParam1);AddDmg(2, -EffParam1);AddDmg(3, -EffParam1);AddDmg(4, -EffParam1);AddDmg(5, -EffParam1)",,,,10000,1,,,,,,,,,,,,,eff_weak,,ic_skill_xskill04,,,1
604,毒伤(蛇蝎毒心),604,1,,,1,,,,,,1,,,,,,,,,,,,,,,,,0,1,,12,,,,,,,,,,6000,3,,,,AddHp(EffParam1),,,,,,,,,eff_poison_dot,,ic_buff_poison,,,1
605,晕眩(熊击虎扑),605,1,5,,,,,,,,1,,,,,,,,,,,,,,,,,0,1,,4,,,,,,AddMove(-1);AddAtt(-1),,,,3000,1,,,,,,,,,,,,,eff_stun,,ic_buff_stun,,,1
606,仇恨值增加(野性激发),606,1,,,1,,,,,,1,,,,,,,,,,,,,,,,,1,1,,,,,,,,AddUltraHate(EffParam1) ,,,,1800*1000,1,,,,,,,,,,,,,,,ic_skill_xskill08,,,1
607,急效之毒,607,1,,,1,,,,,,1,30,1,,,"AddEffect(610,EffParam1)",,,,,,,,,,,,1,1,,,,0.8,,,,,,,,1800*1000,1,,,,,,,,,,,,,,,ic_skill_xskill17,,,1
608,蹒跚之毒,607,1,,,1,,,,,,1,30,1,,,,,,,,,"AddEffect(611,EffParam1)",,,,,,1,1,,,,0.8,,,,,,,,1800*1000,1,,,,,,,,,,,,,,,ic_skill_xskill18,,,1
609,弱化之毒,607,1,,,1,,,,,,1,30,1,,,,,,,,,"AddEffect(612,EffParam1)",,,,,,1,1,,,,0.8,,,,,,,,1800*1000,1,,,,,,,,,,,,,,,ic_skill_xskill19,,,1
610,急效之毒（攻击强化）,610,1,,,1,,,,,,1,,,,,,,,,,,,,,,,,1,1,,,,,,,,"AddDmg(3,EffParam1);AddDmg(2,EffParam1);AddDmg(0,EffParam1)",,,,10000,1,,,,,,,,,,,,,eff_buff_powerup,,ic_skill_xskill17,,,1
611,蹒跚之毒（移动降低）,6,2,3,,1,,,,,,1,,,,,,,,,,,,,,,,,0,1,,2,,,,,,AddSpeedRate(-EffParam1/100.0),,,,5000,1,,,,,,,,,,,,,eff_weak,,ic_skill_xskill18,,,1
612,弱化之毒（攻击降低）,612,1,,,1,,,,,,1,,,,,,,,,,,,,,,,,0,1,,,,,,,,"AddDmg(0,-EffParam1);AddDmg(1,-EffParam1);AddDmg(2,-EffParam1);AddDmg(3,-EffParam1);AddDmg(4,-EffParam1);AddDmg(5,-EffParam1)",,,,10000,1,,,,,,,,,,,,,eff_weak,,ic_skill_xskill19,,,1
613,防御提高（天乾硬铠）,613,1,,,1,,,,,,1,,,,,,,,,,,,,,,,,0,1,,,,,,,,"AddArmor(0, EffParam1)",,,,1800*1000,1,,,,,,,,,,,,,,,ic_skill_xskill21,,,1
614,攻击提高（地坤重击）,614,1,,,1,,,,,,1,,,,,,,,,,,,,,,,,0,1,,,,,,,,"AddDmg(0,EffParam1)",,,,1800*1000,1,,,,,,,,,,,,,,,ic_skill_xskill22,,,1
615,烈焰(烈炎天网),615,1,,,1,,DestroyMe,,,,1,,,,,,,,,,,,,,,,,0,1,,,,,5,,200,,,,,30000,15,,,,,"AddEffect(616,EffParam1)",,,,,,,,,,ic_skill_xskill23,,,0
616,烈焰,616,1,,,0,,,,,,1,,,,,,,,,,,,,,,,,0,1,,,,,,,,,,,,6000,3,,,,AddHp(EffParam1),,,,,,,,,eff_fire_dot,,ic_skill_xskill23,,,0
617,寒冰(寒冰地网),617,1,,,1,,DestroyMe,,,,1,1,1,,,RemoveEffect(617),,,,,,,,,,,,0,1,,,,,5,,200+EffParam1,,,,,30000,30,,,,,AddEffect(618),,,,,,,,,,ic_skill_xskill24,,,0
618,寒冰,618,1,8,,0,,,,1,,1,,,,,,,,,,,,,,,,,0,1,,3,,,,,,AddMove(-1),,,,5000,1,,,,,,,,,,,,,eff_debuff_ice,root,ic_skill_xskill24,,,0
619,持续加血(生肌活血),619,1,,,1,,,,,,1,,,,,,,,,,,,,,,,,1,1,,1,,,,,,,,,,10000,5,,,,AddHp(EffParam1),,,,,,,,,eff_x_skill15_t,root,ic_skill_bskill10,,,1
,,,,,,,,,,,,,,,,,,,,,,,,,,,,,,,,,,,,,,,,,,,,,,,,,,,,,,,,,,,,,
701,昏迷(能量冲击),701,1,,,1,,,,,,1,,,,,,,,,,,,,,,,,0,1,,4,,,,,,AddMove(-1);AddAtt(-1),,,,3*1000,1,,,,,,,,,,,,,eff_stun,,ic_buff_stun,,,1
,,,,,,,,,,,,,,,,,,,,,,,,,,,,,,,,,,,,,,,,,,,,,,,,,,,,,,,,,,,,,
1001,强制攻击目标(忠义护主),1001,1,,,1,,,,,,1,,,,,,,,,,,,,,,,,2,1,,,,,,,,"AddHate(EffParam1,500000) ",,,,10000,1,,,,,,,,,,,,,eff_f_skill18,,ic_skill_xskill08,,,0
1002,加速(追踪),1002,1,,,1,,,,,,1,,,,,,,,,,,,,,,,,0,1,,2,,,,,,AddSpeedRate(EffParam2/100.0),,,,EffParam1*1000,1,,,,,,,,,,,,,eff_q_skill15,root,ic_skill_qskill15,,,1
1003,攻击增强(狂暴),1003,1,,,1,,,,,,1,,,,,,,,,,,,,,,,,1,1,,,,,,,,"AddDmg(0,EffParam1)",,,,15*1000,1,,,,,,,,,,,,,,,ic_skill_xskill10,,,0
,,,,,,,,,,,,,,,,,,,,,,,,,,,,,,,,,,,,,,,,,,,,,,,,,,,,,,,,,,,,,
9998,测试-超强攻防,9998,1,,,1,,,,,,,,,,,,,,,,,,,,,,,1,1,,,,,,,,"AddMaxHp(1000000);AddDeltaDmg(0, -10000);AddDps(100000)",,AddHp(1000000),,,,,,,,,,,,,,,,,,ic_skill_xskill10,,,
9999,测试Eff参数,9999,1,,,,,,,,,1,,,,,,,,,,,,,,,,,,1,,,,,,,,,,,,4000,2,,,,"AddEffect(EffParam1,EffParam2,EffParam2)",,,,,,,,,,,cpsw01,,,0
10000,定身,10000,1,,,,,,,,,1,,,,,,,,,,,,,,,,,0,1,,3,,,,,,AddMove(-1),,,,3000,1,,,,,,,,,,,,,,,cpsw01,,,0
10001,晕眩,10001,1,,,,,,,,,1,,,,,,,,,,,,,,,,,0,1,,4,,,,,,AddMove(-1);AddAtt(-1),,,,3000,1,,,,,,,,,,,,,,,ic_buff_stun,,,0
10002,隐身,10002,1,,,,,,1,,1,1,,,,,,,,,,,,,,,,,2,1,,5,,,,,,AddVisible(-1),,,,10000,1,,,,,,,,,,,,,,,cpsw01,,,0
10003,无敌,10003,1,,,,,,,,,1,,,,,,,,,,,,,,,,,1,1,,6,,,,,,AddBeAtt(-1),,,,15000,1,,,,,,,,,,,,,,,cpsw01,,,0
10004,石头吸引,10004,1,,,,,DestroyMe,,,,1,,,,,,,,,,,,,,,,,2,2,,,,,40,,,,,,,15000,5,,,,,AddEffect(10007),,,,,,,,,,cpsw01,,,0
10005,周围加血,10005,1,,,1,,DestroyMe,,,,1,,,,,,,,,,,,,,,,,2,2,,,,,40,,,,,,,30000,10,,,,,AddEffect(6),,,,,,,,,,cpsw01,,,0
10006,周围减速,10006,1,,,1,,DestroyMe,,,,1,,,,,,,,,,,,,,,,,2,2,,,,,40,,,,,,,30000,10,,,,,AddEffect(9),,,,,,,,,,cpsw01,,,0
10007,被石头吸引了,10007,1,,,1,,,,,,1,,,,,,,,,,,,,,,,,2,1,,6,,,,,,DisactiveAi,,,,15000,1,,,,,,,,,,,,,,,cpsw01,,,0
10008,变身,10008,1,,,,,,,,,1,,,,,,,,,,,,,,,,,2,1,,0,,,,,,SetModel(15),,,,10000,1,,,,,,,,,,,,,,,cpsw01,,,0
10009,测试-攻击后执行,10009,1,,,1,,,,,,1,1,,,,RemoveEffect(10009),,,,,,RemoveEffect(10009),,,,,,1,1,,,,,,,,AddSpeedRate(0.5),,,,,,,,,,,,,,,,,,,,cpsw01,,,
10010,测试-骑乘,10010,1,,,,,,,,,,,,,,,,,,,,,,,,,,1,,,,,,,,,AddSpeedRate(1.6),,,,,,,,,,,,,,,,,,,,cpsw01,,,
,,,,,,,,,,,,,,,,,,,,,,,,,,,,,,,,,,,,,,,,,,,,,,,,,,,,,,,,,,,,,
2001,骑乘术,2001,1,,,,,,,,,,,,,,,,,,,,,,,,,,1,,,,,,,,,"AddSpeedRate(RideSpeedRate(EffParam1,EffParam2))",,,,,,,,,,,,,,,,,,,,ic_ride_001,,,
,,,,,,,,,,,,,,,,,,,,,,,,,,,,,,,,,,,,,,,,,,,,,,,,,,,,,,,,,,,,,
2007,防御提高（金刚丹）,2007,1,,,1,1,,,,,0,,,,,,,,,,,,,,,,,1,0,,,,,,,,"AddArmorRate(0,EffParam1);AddDeltaDmg(0, -1);AddDeltaDmg(1, -1);AddDeltaDmg(2, -1);AddDeltaDmg(3, -1);AddDeltaDmg(4, -1);AddDeltaDmg(5, -1);AddArmor(0,100)",,,,EffParam2*60*1000,1,,,,,,,,,,,,,,,ic_it070,,,1
2011,体力提高（药师丹）,2011,1,,,1,1,,,,,0,,,,,,,,,,,,,,,,,1,0,,,,,,,,AddMaxHpRate(EffParam1/100.0);AddMaxHp(100),,,,EffParam2*60*1000,1,,,,,,,,,,,,,,,ic_it071,,,1
2035,经验提高（灵宝神符）,2035,1,,,1,1,,,,,0,,,,,,,,,,,,,,,,,1,0,,,,,,,,AddExpRate(EffParam1/100.0),,,,3600*1000,1,,,,,,,,,,,,,,,ic_it072,,,1
2039,经验提高（太上神符）,2035,2,,,1,1,,,,,0,,,,,,,,,,,,,,,,,1,0,,,,,,,,AddExpRate(EffParam1/100.0),,,,24*3600*1000,1,,,,,,,,,,,,,,,ic_it073,,,1
2043,灵力提高（木公神符）,2043,1,,,1,1,,,,,0,,,,,,,,,,,,,,,,,1,0,,,,,,,,AddNimbusRate(EffParam1/100.0),,,,3600*1000,1,,,,,,,,,,,,,,,ic_it074,,,1
2044,经验提高,2035,2,,,1,1,,,,,0,,,,,,,,,,,,,,,,,1,0,,,,,,,,AddExpRate(EffParam1/100.0),,,,EffParam2*60*1000,1,,,,,,,,,,,,,,,x3exp,,,1
,,,,,,,,,,,,,,,,,,,,,,,,,,,,,,,,,,,,,,,,,,,,,,,,,,,,,,,,,,,,,
4001,范围减速(水晶塔),4001,1,,,1,,,,,,1,,,,,,,,,,,,,,,,,0,1,,,,,300,,600,,,,,3*3600*1000,10800,,,,,AddEffect(4002),,,,,,,,,,ic_skill_eskill14,,,0
4002,减速(水晶塔),6,1,,,1,,,,,,1,,,,,,,,,,,,,,,,,0,1,,2,,,,,,AddSpeedRate(-0.5),,,,5000,1,,,,,,,,,,,,,eff_slow,,ic_skill_eskill14,,,0
,,,,,,,,,,,,,,,,,,,,,,,,,,,,,,,,,,,,,,,,,,,,,,,,,,,,,,,,,,,,,
702,昏迷,702,1,,,1,,,,,,1,,,,,,,,,,,,,,,,,0,1,,4,,,,,,AddMove(-1);AddAtt(-1),,,,EffParam1*1000,1,,,,,,,,,,,,,eff_stun,,ic_buff_stun,,,1
703,腐蚀,703,1,,,1,,,,,,1,,,,,,,,,,,,,,,,,0,1,,12,,,,,,,,,,10000,5,,,,AddHp(EffParam1),,,,,,,,,eff_poison_dot,,ic_buff_poison,,,1
704,烈焰,704,1,,,1,,DestroyMe,,,,1,,,,,,,,,,,,,,,,,0,1,,,,,5,,320,,,,,30000,15,,,,,"AddEffect(705,EffParam1)",,,,,,,,,,ic_skill_xskill23,,,0
705,烈焰,705,1,,,0,,,,,,1,,,,,,,,,,,,,,,,,0,1,,,,,,,,,,,,10000,5,,,,AddHp(EffParam1),,,,,,,,,eff_fire_dot,,ic_skill_xskill23,,,0
706,防御降低,706,1,,,1,,,,,,1,,,,,,,,,,,,,,,,,0,1,,,,,,,,"AddArmor(0, -EffParam1)",,,,15000,1,,,,,,,,,,,,,eff_weak,,ic_buff_visible,,,1
710,火属性防御降低,710,1,,,1,,,,,,1,,,,,,,,,,,,,,,,,0,1,,,,,,,,"AddArmor(1, -EffParam1)",,,,30000,1,,,,,,,,,,,,,eff_weak,,ic_buff_visible,,,1
,,,,,,,,,,,,,,,,,,,,,,,,,,,,,,,,,,,,,,,,,,,,,,,,,,,,,,,,,,,,,
2051,灵力增加(已不使用),2051,1,,,1,1,,,,,1,,,,,,,,,,,,,,,,,1,0,,,,,,,,,,,,30000,1,,,,,,,,,,,,,,,ic_pet_nimbus,,,1
2052,主人灵力增加,2052,1,,,1,1,,,,,1,,,,,,,,,,,,,,,,,1,10,IsMyMaster=1,,,,,,,,,,,0,,30000,,,,AddNimbus(3+(SelfLevel-10)),,,,,,,,,,ic_pet_nimbus,,,0
2053,经验增加(已不使用),2053,1,,,1,1,,,,,1,,,,,,,,,,,,,,,,,1,0,,,,,,,,,,,,10000,1,,,,,,,,,,,,,,,ic_pet_exp,,,1
2054,主人经验增加,2054,1,,,1,1,,,,,1,,,,,,,,,,,,,,,,,1,10,IsMyMaster=1,,,,,,,,,,,0,,10000,,,,AddExp(3+(SelfLevel-10)),,,,,,,,,,ic_pet_exp,,,0
2055,自动喝血,2055,1,,,1,1,,,,,1,,,,,,,,,,,,,,,,,1,0,,,,,,,,,,,,10000,10,,,,,AutoEatHp(0.33),,,,,,,,,,ic_pet_heal,,1,1
2056,主人自动喝血,2056,1,,,1,1,,,,,1,,,,,,,,,,,,,,,,,1,10,IsMyMaster=1,,,,,,,,,,,,,5000,,,,AddEffect(2055),,,,,,,,,,ic_pet_heal,,,1
2057,自动喝蓝,2057,1,,,1,1,,,,,1,,,,,,,,,,,,,,,,,1,0,,,,,,,,,,,,10000,10,,,,,AutoEatMp(0.33),,,,,,,,,,ic_pet_magic,,1,1
2058,主人自动喝蓝,2058,1,,,1,1,,,,,1,,,,,,,,,,,,,,,,,1,10,IsMyMaster=1,,,,,,,,,,,,,5000,,,,AddEffect(2057),,,,,,,,,,ic_pet_magic,,,1
2059,自动捡取,2059,1,,,1,1,,,,,1,,,,,,,,,,,,,,,,,1,0,,,,,,,,,,,,,1,,,,,,,,,,,,,,,ic_pet_get,,1,1
2060,自动捡取,2060,1,,,1,1,,,,,1,,,,,,,,,,,,,,,,,1,10,IsMyMaster=1,,,,,,,,,,,,1,,,,,,,,,,,,,,,ic_pet_get,,1,1
,,,,,,,,,,,,,,,,,,,,,,,,,,,,,,,,,,,,,,,,,,,,,,,,,,,,,,,,,,,,,
,,,,,,,,,,,,,,,,,,,,,,,,,,,,,,,,,,,,,,,,,,,,,,,,,,,,,,,,,,,,,
2062,防御提高（长效金刚丹）,2007,2,,,1,1,,,,,0,,,,,,,,,,,,,,,,,1,0,,,,,,,,"AddArmorRate(0,EffParam1);AddDeltaDmg(0, -1);AddDeltaDmg(1, -1);AddDeltaDmg(2, -1);AddDeltaDmg(3, -1);AddDeltaDmg(4, -1);AddDeltaDmg(5, -1);AddArmor(0,100)",,,,EffParam2*60*1000,1,,,,,,,,,,,,,,,ic_it070,,,1
2063,体力提高（长效药师丹）,2011,2,,,1,1,,,,,0,,,,,,,,,,,,,,,,,1,0,,,,,,,,AddMaxHpRate(EffParam1/100.0);AddMaxHp(100),,,,EffParam2*60*1000,1,,,,,,,,,,,,,,,ic_it071,,,1
2064,经验提高（强效灵宝神符）,2035,3,,,1,1,,,,,0,,,,,,,,,,,,,,,,,1,0,,,,,,,,AddExpRate(EffParam1/100.0),,,,3600*1000,1,,,,,,,,,,,,,,,ic_it072,,,1
2065,经验提高（强效太上神符）,2035,4,,,1,1,,,,,0,,,,,,,,,,,,,,,,,1,0,,,,,,,,AddExpRate(EffParam1/100.0),,,,24*3600*1000,1,,,,,,,,,,,,,,,ic_it073,,,1
,,,,,,,,,,,,,,,,,,,,,,,,,,,,,,,,,,,,,,,,,,,,,,,,,,,,,,,,,,,,,
1200,提升血上限(银光犀鸟),1200,1,,,1,1,,,,,1,,,,,,,,,,,,,,,,,1,1,,,,,,,,AddMaxHp(EffParam1),,,,10000,1,,,,,,,,,,,,,,,ic_pet_hp,,1,0
1201,加快回血(银光犀鸟),1201,1,,IsAttackState=0,1,1,,,,,1,,,,,,,,,,,,,,,,,1,1,,,,,,,,AddHpReg(EffParam1),,,,10000,1,,,,,,,,,,,,,,,ic_pet007,,1,0
1202,主人加血(银光犀鸟),120,2,,,1,1,,,,,1,,,,,,,,,,,,,,,,,1,10,IsMyMaster=1,,,,,,,,,,,0,,5000,,,,"AddEffect(1200,20+SelfLevel*10+SelfLevel*MasterBaseHp*0.01);AddEffect(1201,2+(SelfLevel+SelfLevel*MasterBaseHp*0.001)/2)",,,,,,,,,,ic_pet007,,,0
1203,加魔上限(黄金哈士奇),1203,1,,,1,1,,,,,1,,,,,,,,,,,,,,,,,1,1,,,,,,,,AddMaxMp(EffParam1),,,,10000,1,,,,,,,,,,,,,,,ic_pet_mp,,1,0
1204,加快回魔(黄金哈士奇),1204,1,,IsAttackState=0,1,1,,,,,1,,,,,,,,,,,,,,,,,1,1,,,,,,,,AddMpReg(EffParam1),,,,10000,1,,,,,,,,,,,,,,,ic_pet006,,1,0
1205,主人加魔(黄金哈士奇),122,2,,,1,1,,,,,1,,,,,,,,,,,,,,,,,1,10,IsMyMaster=1,,,,,,,,,,,0,,5000,,,,"AddEffect(1203,30+SelfLevel*15+SelfLevel*MasterBaseMp*0.01);AddEffect(1204,2+(SelfLevel*1.5+SelfLevel*MasterBaseMp*0.001)/2)",,,,,,,,,,ic_pet006,,,0
1206,提升血上限(小洋葱),1206,1,,,1,1,,,,,1,,,,,,,,,,,,,,,,,1,1,,,,,,,,AddMaxHp(EffParam1),,,,10000,1,,,,,,,,,,,,,,,ic_pet_hp,,1,0
1207,加快回血(小洋葱),1207,1,,IsAttackState=0,1,1,,,,,1,,,,,,,,,,,,,,,,,1,1,,,,,,,,AddHpReg(EffParam1),,,,10000,1,,,,,,,,,,,,,,,ic_pet002,,1,0
1208,主人加血(小洋葱),120,2,,,1,1,,,,,1,,,,,,,,,,,,,,,,,1,10,IsMyMaster=1,,,,,,,,,,,0,,5000,,,,"AddEffect(1206,20+SelfLevel*10+SelfLevel*MasterBaseHp*0.01);AddEffect(1207,2+(SelfLevel+SelfLevel*MasterBaseHp*0.001)/2)",,,,,,,,,,ic_pet002,,,0
1209,提升防御(小鼠),1209,1,,,1,1,,,,,1,,,,,,,,,,,,,,,,,1,1,,,,,,,,"AddArmorRate(0,EffParam1)",,,,10000,1,,,,,,,,,,,,,,,ic_pet_exp,,1,0
1210,加快回血(小鼠),1210,1,,IsAttackState=0,1,1,,,,,1,,,,,,,,,,,,,,,,,1,1,,,,,,,,AddHpReg(EffParam1),,,,10000,1,,,,,,,,,,,,,,,ic_pet008a,,1,0
1211,主人加防加回血(小鼠),1211,1,,,1,1,,,,,1,,,,,,,,,,,,,,,,,1,10,IsMyMaster=1,,,,,,,,,,,0,,5000,,,,"AddEffect(1209,SelfLevel);AddEffect(1210,2+(SelfLevel+SelfLevel*MasterBaseHp*0.001)/2)",,,,,,,,,,ic_pet008a,,,0
1212,提升防御(火狸鼠),1209,1,,,1,1,,,,,1,,,,,,,,,,,,,,,,,1,1,,,,,,,,"AddArmorRate(0,EffParam1)",,,,10000,1,,,,,,,,,,,,,,,ic_pet_exp,,1,0
1213,加快回血(火狸鼠),1210,1,,IsAttackState=0,1,1,,,,,1,,,,,,,,,,,,,,,,,1,1,,,,,,,,AddHpReg(EffParam1),,,,10000,1,,,,,,,,,,,,,,,ic_pet008b,,1,0
1214,主人加防加回血(火狸鼠),1211,1,,,1,1,,,,,1,,,,,,,,,,,,,,,,,1,10,IsMyMaster=1,,,,,,,,,,,0,,5000,,,,"AddEffect(1212,SelfLevel);AddEffect(1213,2+(SelfLevel+SelfLevel*MasterBaseHp*0.001)/2)",,,,,,,,,,ic_pet008b,,,0
1215,提升防御,1215,1,,,1,1,,,,,1,,,,,,,,,,,,,,,,,1,1,,,,,,,,"AddArmorRate(0,EffParam1)",,,,10000,1,,,,,,,,,,,,,,,ic_pet_exp,,1,0
1216,主人加防,1211,1,,,1,1,,,,,1,,,,,,,,,,,,,,,,,1,10,IsMyMaster=1,,,,,,,,,,,0,,5000,,,,"AddEffect(1215,SelfLevel)",,,,,,,,,,ic_pet_exp,,,0
1217,提升血上限(小年兽),1217,1,,,1,1,,,,,1,,,,,,,,,,,,,,,,,1,1,,,,,,,,AddMaxHp(EffParam1),,,,10000,1,,,,,,,,,,,,,,,ic_pet_hp,,1,0
1218,提升防御(小年兽),1218,1,,,1,1,,,,,1,,,,,,,,,,,,,,,,,1,1,,,,,,,,"AddArmorRate(0,EffParam1)",,,,10000,1,,,,,,,,,,,,,,,ic_pet_exp,,1,0
1219,主人加血加防(小年兽),120,1,,,1,1,,,,,1,,,,,,,,,,,,,,,,,1,10,IsMyMaster=1,,,,,,,,,,,0,,5000,,,,"AddEffect(1217,20+SelfLevel*10+SelfLevel*MasterBaseHp*0.01);AddEffect(1218,SelfLevel)",,,,,,,,,,ic_mon031_b,,,0
,,,,,,,,,,,,,,,,,,,,,,,,,,,,,,,,,,,,,,,,,,,,,,,,,,,,,,,,,,,,,
2066,爱心卡,2066,1,,,1,1,,,,,0,,,,,,,,,,,,,,,,,1,0,,,,,,,,AddExpRate(EffParam1/100.0);AddNimbusRate(EffParam2/100.0),,,,3*24*3600*1000,1,,,,,,,,,,,,,eff_m_circle,root,ic_im013,,,1
2067,爱心天使,2067,1,,,1,1,,,,,0,,,,,,,,,,,,,,,,,1,0,,,,,,,,,,,,30*24*3600*1000,1,,,,,,,,,,,,,eff_m_angel,root,ic_im012,,,1
,,,,,,,,,,,,,,,,,,,,,,,,,,,,,,,,,,,,,,,,,,,,,,,,,,,,,,,,,,,,,
2068,变形术,2068,1,,,1,,ResetModel,,,,1,,,,,,,,,,,,,,,,,0,1,,13,,,,,,SetModel(17);AddAtt(-1),,,,EffParam1*1000,1,,,,,,,,,,,,,,,ic_mon011,,,1
2069,小宠物经验提升,2069,1,,,1,1,,,,,0,,,,,,,,,,,,,,,,,1,0,,,,,,,,,,,,3600*1000,60,,,,AddSmallPetExp(20),,,,,,,,,,,ic_it3413,,,1
2070,小宠物经验提升,2070,1,,,1,1,,,,,0,,,,,,,,,,,,,,,,,1,0,,,,,,,,AddSmallPetExpRate(1),,,,3600*1000,1,,,,,,,,,,,,,,,ic_it3708,,,1
2071,长效小宠物经验提升,2070,2,,,1,1,,,,,0,,,,,,,,,,,,,,,,,1,0,,,,,,,,AddSmallPetExpRate(1),,,,12*3600*1000,1,,,,,,,,,,,,,,,ic_it3709,,,1
,,,,,,,,,,,,,,,,,,,,,,,,,,,,,,,,,,,,,,,,,,,,,,,,,,,,,,,,,,,,,
2072,复活保护,2072,1,,,1,1,,1,,,,,,,,,,,,,,,,,,,,1,1,,,,,,,,AddBeAtt(-1),,,,20000,1,,,,,,,,,,,,,eff_rebirth,,ic_it3419,,,1
2073,捆仙锁,2073,1,,,1,1,,,,,,,,,,,,,,,,,,,,,,1,0,,9,,,,,,SetForbidReviveTime(30);SetKillBind(1),,,,1800*1000,1,,,,,,,,,,,,,eff_buff_powerup,,ic_it027,,,1
2074,清身咒,2074,1,,,1,1,,,,,,,,,,,,,,,,,,,,,,1,0,,9,,,,,,SetForbidReviveTime(30);SetKillReplaceModel(33),,,,1800*1000,1,,,,,,,,,,,,,eff_buff_powerup,,ic_it027,,,1
2075,变形术,2075,1,,,1,,ResetModel,,,,1,,,,,,,,,,,,,,,,,1,0,,,,,,,,SetModel(4589);AddAtt(-1);AddRidable(-1),,,,0,1,,,,,,,,,,,,,,,ic_mon011,,,1
2076,变形术,2076,1,,,1,,ResetModel,,,,1,,,,,,,,,,,,,,,,,1,0,,,,,,,,SetModel(4590);AddAtt(-1);AddRidable(-1),,,,0,1,,,,,,,,,,,,,,,ic_mon011,,,1
2077,3小时游戏沉迷,2077,1,,,1,1,,,,,0,,,,,,,,,,,,,,,,,0,0,,,,,,,,AddExpRate(-0.5);AddNimbusRate(-0.5);AddMoneyRate(-0.5),,,,0,1,,,,,,,,,,,,,,,ic_it039,,,1
2078,5小时游戏沉迷,2078,1,,,1,1,,,,,0,,,,,,,,,,,,,,,,,0,0,,,,,,,,AddExpRate(-100);AddNimbusRate(-100);AddMoneyRate(-100),,,,0,1,,,,,,,,,,,,,,,ic_it082,,,1
2080,主人灵力增加,2080,1,,IsAttackState=0,1,1,,,,,1,,,,,,,,,,,,,,,,,1,10,IsMyMaster=1&&IsAttackState=0,,,,,,,,,,,0,,30000,,,,AddNimbus(3+(SelfLevel-10)*2),,,,,,,,,,ic_pet_nimbus,,,0
2082,主人经验增加,2082,1,,IsAttackState=0,1,1,,,,,1,,,,,,,,,,,,,,,,,1,10,IsMyMaster=1&&IsAttackState=0,,,,,,,,,,,0,,10000,,,,AddExp(3+(SelfLevel-10)*2),,,,,,,,,,ic_pet_exp,,,0
707,冰冻,707,1,,,1,,,,,,1,,,,,,,,,,,,,,,,,0,1,,3,,,,,,AddMove(-1);AddAtt(-1),,,,EffParam1*1000,1,,,,,,,,,,,,,eff_debuff_ice,root,ic_eskill11,,,1
708,腐蚀花毒,708,1,,,1,,,,,,1,,,,,,,,,,,,,,,,,0,1,,12,,,,,,,,,,10000,5,,,,AddHp(EffParam1),,,,,,,,,eff_poison_dot,,ic_buff_poison,,,1
2083,伤害提高（长效南火丹）,2083,1,,,1,1,,,,,0,,,,,,,,,,,,,,,,,1,0,,,,,,,,"AddDmgRate(0,EffParam1);AddDmgRate(1,EffParam1);AddDmgRate(2,EffParam1);AddDmgRate(3,EffParam1);AddDmgRate(4,EffParam1);AddDmgRate(5,EffParam1);AddDmg(0,10);AddDmg(1,10);AddDmg(2,10);AddDmg(3,10);AddDmg(4,10);AddDmg(5,10);",,,,EffParam2*60*1000,1,,,,,,,,,,,,,,,ic_it614,,,1
2084,吸收伤害（长效无极丹）,2084,1,,,1,1,,,,,0,,,,,,,,,,,,,,,,,1,0,,,,,,,,"AddDeltaDmgRate(0,-EffParam1/100.0);AddDeltaDmgRate(1,-EffParam1/100.0);AddDeltaDmgRate(2,-EffParam1/100.0);AddDeltaDmgRate(3,-EffParam1/100.0);AddDeltaDmgRate(4,-EffParam1/100.0);AddDeltaDmgRate(5,-EffParam1/100.0);AddDeltaDmg(0,-5);AddDeltaDmg(1,-5);AddDeltaDmg(2,-5);AddDeltaDmg(3,-5);AddDeltaDmg(4,-5);AddDeltaDmg(5,-5);",,,,EffParam2*60*1000,1,,,,,,,,,,,,,,,ic_it615,,,1
2085,伤害提高,2085,1,,,1,1,,,,,1,,,,,,,,,,,,,,,,,1,0,,,,,,,,"AddDmgRate(0,EffParam1/10000.0*25)",,,,0,1,,,,,,,,,,,,,,,ic_skill_qskill03,,,1
2086,防御提高,2086,1,,,1,1,,,,,1,,,,,,,,,,,,,,,,,1,0,,,,,,,,"AddDeltaDmgRate(0,-EffParam1/10000.0*0.30)",,,,0,1,,,,,,,,,,,,,,,ic_skill_qskill20,,,1
2087,亲密度提高,2087,1,,,1,1,,,,,1,,,,,,,,,,,,,,,,,1,0,,,,,,,,,,,,0,0,36000,,,,AddPetClose(1),,,,,,,,,,ic_it079,,,1
2088,加速,521,1,,,1,,,,,,1,,,,,,,,,,,,,,,,1,1,1,,10,,,,,,AddSpeedRate(EffParam1/100.0),,,,30*1000,1,,,,,,,,,,,eff_q_skill15_start,root,eff_q_skill15,root,ic_skill_qskill15,,,1
2089,昏迷,2089,1,7,,1,,,,1,,1,,,,,,,,,,,,,,,,1,0,1,,4,,,,,,AddMove(-1);AddAtt(-1),,,,10000,1,,,,,,,,,,,,,eff_coma,,ic_buff_coma,,,1
2090,范围减速(长明灯),2090,1,,,1,,DestroyMe,,,,1,,,,,,,,,,,,,,,,1,0,1,IsNpc=1,,,,5,,200,,,,,7200*1000,7200,,,,,AddEffect(2091),,,,,,,,,,iwfs02,,,0
2091,减速(长明灯),6,2,3,,1,,,,,,1,,,,,,,,,,,,,,,,1,0,1,IsNpc=1,2,,,,,,AddSpeedRate(-0.7),,,,3000,1,,,,,,,,,,,,,eff_slow,,iwfs02,,,0
2092,烈焰(烈炎网),2092,1,,,1,,DestroyMe,,,,1,,,,,,,,,,,,,,,,1,0,1,IsNpc=1,,,,5,,200,,,,,7200*1000,3600,,,,,AddEffect(2093),,,,,,,,,,ic_skill_xskill23,,,0
2093,烈焰,2093,1,,,0,,,,,,1,,,,,,,,,,,,,,,,1,0,1,IsNpc=1,,,,,,,,,,,6000,3,,,,AddHp(-100),,,,,,,,,eff_fire_dot,,ic_skill_xskill23,,,0
2094,复活虚弱,2094,1,,,1,1,,1,,,,,,,,,,,,,,,,,,,1,1,1,,,,,,,,AddMove(-1);AddAtt(-1);AddBeAtt(-1),,,,10*1000,1,,,,,,,,,,,,,eff_rebirth,,ic_it3419,,,1
2095,物理加防御,2095,1,,,1,1,,,,,,,,,,,,,,,,,,,,,,1,1,,,,,,,,"AddArmor(0,2000)",,,,2*60*1000,1,5000,,,,,,,,,,,,,,ic_skill_fskill12,,,1
2096,火防提高,2095,1,,,1,,,,,,0,,,,,,,,,,,,,,,,1,1,1,,,,,,,,"AddArmor(1,2000)",,,,90*1000,1,,,,,,,,,,,,,,,ic_buff_fire,,,1
2097,加速,521,1,,,1,,,,,,1,,,,,,,,,,,,,,,,1,1,1,,10,,,,,,AddSpeedRate(EffParam1/100.0),,,,60*1000,1,,,,,,,,,,,eff_q_skill15_start,root,eff_q_skill15,root,ic_skill_qskill15,,,1
2098,昏迷,2098,1,7,,1,,,,1,,1,,,,,,,,,,,,,,,,1,0,1,,4,,,,,,AddMove(-1);AddAtt(-1),,,,20000,1,,,,,,,,,,,,,eff_coma,,ic_buff_coma,,,1
2099,昏迷(能量冲击),2099,1,,,1,,,,,,1,,,,,,,,,,,,,,,,1,0,1,,4,,,,,,AddMove(-1);AddAtt(-1),,,,15*1000,1,,,,,,,,,,,,,eff_stun,,ic_buff_stun,,,1
2100,缓速,6,2,,,1,,,,,,1,,,,,,,,,,,,,,,,1,0,1,,2,,,,,,AddSpeedRate(-EffParam1/100.0),,,,30000,1,,,,,,,,,,,,,eff_weak,,ic_skill_xskill03,,,1
2101,伤害提高,2101,1,,,1,1,,,,,0,,,,,,,,,,,,,,,,,1,0,,,,,,,,"AddDmgRate(0,10);AddDmgRate(1,10);AddDmgRate(2,10);AddDmgRate(3,10);AddDmgRate(4,10);AddDmgRate(5,10);AddDmg(0,10);AddDmg(1,10);AddDmg(2,10);AddDmg(3,10);AddDmg(4,10);AddDmg(5,10);",,,,2*60*60*1000,1,,,,,,,,,,,,,,,ic_fskill02,,,1
2102,吸收伤害,2102,1,,,1,1,,,,,0,,,,,,,,,,,,,,,,,1,0,,,,,,,,"AddDeltaDmgRate(0,-0.1);AddDeltaDmgRate(1,-0.1);AddDeltaDmgRate(2,-0.1);AddDeltaDmgRate(3,-0.1);AddDeltaDmgRate(4,-0.1);AddDeltaDmgRate(5,-0.1);AddDeltaDmg(0,-5);AddDeltaDmg(1,-5);AddDeltaDmg(2,-5);AddDeltaDmg(3,-5);AddDeltaDmg(4,-5);AddDeltaDmg(5,-5);",,,,2*60*60*1000,1,,,,,,,,,,,,,,,ic_skill_fskill12,,,1
2103,加速,2103,1,,,1,1,,,,,1,,,,,,,,,,,,,,,,,1,1,,10,,,,,,AddSpeedRate(0.1),,,,2*60*60*1000,1,,,,,,,,,,,eff_q_skill15_start,root,eff_q_skill15,root,ic_skill_qskill15,,,1
2104,瘟疫的感染,2104,1,13,,,,DestroyMe,,,,1,,,,,,,,,,,,,,,,1,2,1,,13,,,50,,200,,,,,30000,10,,,,,AddEffect(2105);AddEffect(2104),,,,,,,,,,ic_skill_xskill23,,,0
2105,瘟疫,2105,1,13,,0,,,,,,1,,,,,,,,,,,,,,,,1,0,1,,13,,,,,,,,,,6000,3,,,,AddHp(-100),,,,,,,,,eff_poison_dot,,ic_buff_poison,,,0
2106,周围加血,2106,1,,,1,,DestroyMe,,,,1,,,,,,,,,,,,,,,,1,1,1,,,,,40,,200,,,,,30000,10,,,,,AddEffect(2107),,,,,,,,,,ic_skill_bskill10,,,0
2107,加血,2107,1,,,1,,,,,,1,,,,,,,,,,,,,,,,1,1,0,,1,,,,,,,,AddHp(200),,2500,1,,,,,,,,,,,,,,,ic_skill_bskill10,,,0
2108,周围加血,2108,1,,,1,,DestroyMe,,,,1,,,,,,,,,,,,,,,,1,1,1,,,,,40,,200,,,,,30000,10,,,,,AddEffect(2109),,,,,,,,,,ic_skill_bskill10,,,0
2109,加血,2109,1,,,1,,,,,,1,,,,,,,,,,,,,,,,1,1,0,,1,,,,,,,,AddHp(400),,2500,1,,,,,,,,,,,,,,,ic_skill_bskill10,,,0
2110,无敌,2110,1,,,1,,,,,,0,,,,,,,,,,,,,,,,1,1,0,,,,,,,,AddBeAtt(-1),,,,EffParam1*1000,1,,,,,,,,,,,,,eff_rebirth,,ic_it3419,,,1
2111,竞技场体质增强,2111,1,,,1,,,,,,0,,,,,,,,,,,,,,,,1,1,0,,,,,,,,"AddCon(EffParam1);AddArmor(0,EffParam1*5);AddDeltaDmgRate(0,-EffParam1/20.0*0.005)",,,,EffParam2*1000,1,,,,,,,,,,,,,,,iwfs04,,,0
2112,竞技场力量增强,2112,1,,,1,,,,,,0,,,,,,,,,,,,,,,,1,1,0,,,,,,,,AddStr(EffParam1),,,,EffParam2*1000,1,,,,,,,,,,,,,,,iwfs04,,,0
2113,竞技场智力增强,2113,1,,,1,,,,,,0,,,,,,,,,,,,,,,,1,1,0,,,,,,,,AddWis(EffParam1),,,,EffParam2*1000,1,,,,,,,,,,,,,,,iwfs04,,,0
2114,竞技场敏捷增强,2114,1,,,1,,,,,,0,,,,,,,,,,,,,,,,1,1,0,,,,,,,,AddDex(EffParam1),,,,EffParam2*1000,1,,,,,,,,,,,,,,,iwfs04,,,0
2115,守护,2115,1,,,1,,,,,,0,,,,,,,,,,,,,,,,1,1,0,,,,,,,,"AddDeltaDmgRate(0,-0.5);AddDeltaDmgRate(1,-0.5);AddDeltaDmgRate(2,-0.5);AddDeltaDmgRate(3,-0.5);AddDeltaDmgRate(4,-0.5);AddDeltaDmgRate(5,-0.5);AddDmgRate(0,-50);AddDmgRate(1,-50);AddDmgRate(2,-50);AddDmgRate(3,-50);AddDmgRate(4,-50);AddDmgRate(5,-50);",,,,EffParam1*1000,1,,,,,,,,,,,,,,,ic_it3427,,,0
2116,狂暴,2116,1,,,1,,,,,,0,,,,,,,,,,,,,,,,1,1,0,,,,,,,,"AddDeltaDmgRate(0,0.5);AddDeltaDmgRate(1,0.5);AddDeltaDmgRate(2,0.5);AddDeltaDmgRate(3,0.5);AddDeltaDmgRate(4,0.5);AddDeltaDmgRate(5,0.5);AddDmgRate(0,50);AddDmgRate(1,50);AddDmgRate(2,50);AddDmgRate(3,50);AddDmgRate(4,50);AddDmgRate(5,50);",,,,EffParam1*1000,1,,,,,,,,,,,,,,,ic_it3426,,,0
2117,伤害提高,2117,1,,,1,,,,,,0,,,,,,,,,,,,,,,,1,1,0,,,,,,,,"AddDmg(0,EffParam1);AddDmg(1,EffParam1);AddDmg(2,EffParam1);AddDmg(3,EffParam1);AddDmg(4,EffParam1);AddDmg(5,EffParam1);",,,,EffParam2*1000,1,,,,,,,,,,,,,,,ic_fskill02,,,1
2118,攻击光环,2118,1,,,1,,,,,,0,,,,,,,,,,,,,,,,1,1,1,,,,,40,,200,,,,,0,0,2000,,,,AddEffect(2119),,,,,,,,eff_buff_powerup,root,ic_it3554,,,0
2119,攻击提升,2119,1,,,1,,,,,,0,,,,,,,,,,,,,,,,1,1,1,,1,,,,,,"AddDmgRate(0,20);AddDmgRate(1,20);AddDmgRate(2,20);AddDmgRate(3,20);AddDmgRate(4,20);AddDmgRate(5,20);",,,,5000,1,,,,,,,,,,,,,,,ic_it3554,,1,0
2120,防御光环,2120,1,,,1,,,,,,0,,,,,,,,,,,,,,,,1,1,1,,,,,40,,200,,,,,0,0,2000,,,,AddEffect(2121),,,,,,,,eff_buff_amorup,root,ic_it3519,,,0
2121,防御提升,2121,1,,,1,,,,,,0,,,,,,,,,,,,,,,,1,1,1,,1,,,,,,"AddDeltaDmgRate(0,-0.2);AddDeltaDmgRate(1,-0.2);AddDeltaDmgRate(2,-0.2);AddDeltaDmgRate(3,-0.2);AddDeltaDmgRate(4,-0.2);AddDeltaDmgRate(5,-0.2);",,,,5000,1,,,,,,,,,,,,,,,ic_it3519,,1,0
2122,竞技场强化攻击范围,2122,1,,,1,,,,,,0,,,,,,,,,,,,,,,,1,1,0,,,,,,,,"SkillAddTargetRadius(205,50);SkillAddTargetRadius(214,50)",,,,EffParam1*1000,1,,,,,,,,,,,,,,,iwfs04,,,0
2123,竞技场快速冷却,2123,1,,,1,,,,,,0,,,,,,,,,,,,,,,,1,1,0,,,,,,,,"SkillAddCdTime(422,-120000)",,,,EffParam1*1000,1,,,,,,,,,,,,,,,iwfs04,,,0
2124,竞技场强化治疗,2124,1,,,1,,,,,,0,,,,,,,,,,,,,,,,1,1,0,,,,,,,,AddUltraHeal(300),,,,EffParam1*1000,1,,,,,,,,,,,,,,,iwfs04,,,0
2125,竞技场伤害强化,2125,1,,,1,,,,,,0,,,,,,,,,,,,,,,,1,1,0,,,,,,,,"AddUltraDmg(3,100);AddUltraDmg(4,100)",,,,EffParam1*1000,1,,,,,,,,,,,,,,,iwfs04,,,0
2126,竞技场爆击强化,2126,1,,,1,,,,,,0,,,,,,,,,,,,,,,,1,1,0,,,,,,,,"AddDeltaCriticalRate(2,0.1);AddDeltaCriticalRate(3,0.1)",,,,EffParam1*1000,1,,,,,,,,,,,,,,,iwfs04,,,0
2200,电芒灼伤,2200,1,,,1,,,,,,1,,,,,,,,,,,,,,,,,0,1,,,,,,,,,,,,10000,5,,,,AddHp(EffParam1),,,,,,,,,eff_hit_thund,,ic_bskill02,,,1
2201,电芒缠绕,2201,1,,,1,,,,,,1,,,,,,,,,,,,,,,,,0,1,,,,0.5,,,,AddMove(-1),,,,10000,1,,,,,,,,,,,,,,,ic_bskill04,,,1
2202,火焰灼伤,2202,1,,,1,,,,,,1,,,,,,,,,,,,,,,,,0,1,,,,,,,,,,,,10000,5,,,,AddHp(EffParam1),,,,,,,,,eff_fire_dot,,ic_buff_fire,,,1
2203,瘟疫的感染,2203,1,13,,,,,,,,1,,,,,,,,,,,,,,,,,2,1,,13,,,5,,160,,,"AddEffect(2204,EffParam1)",,15000,5,,,,,"AddEffect(2204,EffParam1);AddEffect(2203)",,,,,,,,,,ic_skill_xskill23,,,0
2204,瘟疫,2204,1,13,,0,,,,,,1,,,,,,,,,,,,,,,,,0,1,,13,,,,,,,,,,15000,5,,,,AddHp(EffParam1),,,,,,,,,eff_poison_dot,,ic_buff_poison,,,0
2205,免疫瘟疫,2205,1,,,,,,,,,1,,,,,,,,,,,,,,,,1,0,1,,,,,,,,"AddEffectResist(13,1.0)",,,,120*1000,1,,,,,,,,,,,,,,,ic_it3615,,,0
2206,变形术,2206,1,,,1,,ResetModel,,,,1,,,,,,,,,,,,,,,,1,0,1,,13,,,,,,SetModel(17);AddAtt(-1),,,,EffParam1*1000,1,,,,,,,,,,,,,,,ic_mon011,,,1
2207,复活虚弱,2207,1,,,1,1,,1,,,,,,,,,,,,,,,,,,,1,1,1,,,,,,,,AddMove(-1);AddAtt(-1);AddBeAtt(-1),,,,30*1000,1,,,,,,,,,,,,,eff_rebirth,,ic_it3419,,,1
2208,周围加血加魔,2208,1,,,1,,DestroyMe,,,,1,,,,,,,,,,,,,,,,1,1,1,,,,,40,,300,,,,,0,0,2000,,,,AddEffect(2209),,,,,,,,,,ic_skill_bskill10,,,0
2209,加血加魔,2209,1,,,1,,,,,,1,,,,,,,,,,,,,,,,1,1,0,,1,,,,,,,,,,3000,3,1000,,,,AddHp(500);AddMp(500),,,,,,,,,,ic_skill_bskill10,,1,0
2210,爱心爆炸,2210,1,,,1,1,,,,,0,,,,,,,,,,,,,,,,,1,0,,,,,,,,AddExpRate(EffParam1/100.0);AddNimbusRate(EffParam2/100.0),,,,24*3600*1000,1,,,,,,,,,,,,,,,ic_it003,,,1
2211,加速,521,1,,,1,,,,,,1,,,,,,,,,,,,,,,,,1,1,,10,,,,,,AddSpeedRate(EffParam1/100.0),,,,30*1000,1,,,,,,,,,,,eff_q_skill15_start,root,eff_q_skill15,root,ic_skill_qskill15,,,1
2212,昏迷,2212,1,7,,1,,,,1,,1,,,,,,,,,,,,,,,,,0,1,,4,,,,,,AddMove(-1);AddAtt(-1),,,,10000,1,,,,,,,,,,,,,eff_coma,,ic_buff_coma,,,1
,,,,,,,,,,,,,,,,,,,,,,,,,,,,,,,,,,,,,,,,,,,,,,,,,,,,,,,,,,,,,
2213,变形术,2213,1,,,1,,ResetModel,,,,1,,,,,,,,,,,,,,,,,1,0,,,,,,,,SetModel(4520);AddAtt(-1);AddRidable(-1),,,,0,1,,,,,,,,,,,,,,,ic_mon011,,,1
2214,经验提高（白鹰的祝福）,2035,3,,,1,1,,,,,0,,,,,,,,,,,,,,,,,1,0,,,,,,,,AddExpRate(50/100.0),,,,3600*1000,1,,,,,,,,,,,,,,,ic_bskill06,,,1
2215,经验提高（白鹰的祝福）,2035,3,,,1,1,,,,,0,,,,,,,,,,,,,,,,,1,0,,,,,,,,AddExpRate(30/100.0),,,,3600*1000,1,,,,,,,,,,,,,,,ic_bskill06,,,1
2216,提升血上限(难大师的祝福),1200,1,,,1,1,,,,,1,,,,,,,,,,,,,,,,,1,0,,,,,,,,AddMaxHp(30),,,,600*1000,1,,,,,,,,,,,,,,,ic_pet_hp,,,1
2217,防御增强(难大师的祝福),2217,1,,,1,1,,,,,1,,,,,,,,,,,,,,,,,1,0,,,,,,,,"AddArmor(0,15)",,,,600*1000,1,,,,,,,,,,,,,,,ic_skill_fskill12,,,1
2218,圣诞糖果,2218,1,,,1,1,,,,,1,,,,,,,,,,,,,,,,,1,0,,,,,,,,AddWis(10);AddStr(10);AddCon(10);AddDex(10);AddMaxHp(1000);AddMaxMp(500),,,,EffParam1*60*1000,1,,,,,,,,,,,,,,,ic_skill_fskill12,,,1
2219,变形术前置,2219,1,,,1,,AddEffect(2213),,,,1,,,,,,,,,,,,,,,,,1,0,,,,,,,,,,,,500,1,,,,,,,,,,,,,,,,,,1
2220,血神府强健术,2220,1,,,1,1,,,,,,,,,,,,,,,,,,,,,,1,0,,,,,,,,AddMaxHpRate(0.05),,,,24*3600*1000,1,,,,,,,,,,,,,eff_crown,,ic_bskill06,,,1
2221,经验提高,2221,1,,,1,1,,,,,0,,,,,,,,,,,,,,,,,1,0,,,,,,,,AddExpRate(EffParam1/100.0),,,,1800*1000,1,,,,,,,,,,,,,,,ic_iwfs03,,,1
2222,变形术,2222,1,,,1,,ResetModel,,,,1,,,,,,,,,,,,,,,,,1,0,,,,,,,,SetModel(4649);AddAtt(-1);AddRidable(-1),,,,0,1,,,,,,,,,,,,,,,ic_mon011,,,1
2223,变形术,2223,1,,,1,,ResetModel,,,,1,,,,,,,,,,,,,,,,,1,0,,,,,,,,SetModel(4650);AddAtt(-1);AddRidable(-1),,,,0,1,,,,,,,,,,,,,,,ic_mon011,,,1
2224,宠物大师,2224,1,,,1,,,,,,,,,,,,,,,,,,,,,,,1,0,,,,,,,,,,,,24*3600*1000,1,,,,,,,,,,,,,,,ic_it026,,,1
2225,变形术-A,2225,1,,,1,,ResetModel,,,,1,,,,,,,,,,,,,,,,,1,0,,,,,,,,SetModel(4468);AddAtt(-1);AddRidable(-1),,,,0,1,,,,,,,,,,,,,,,ic_mon011,,,1
2226,变形术-B,2226,1,,,1,,ResetModel,,,,1,,,,,,,,,,,,,,,,,1,0,,,,,,,,SetModel(906);AddAtt(-1);AddRidable(-1),,,,0,1,,,,,,,,,,,,,,,ic_mon011,,,1
2227,变形术-C,2227,1,,,1,,ResetModel,,,,1,,,,,,,,,,,,,,,,,1,0,,,,,,,,SetModel(4581);AddAtt(-1);AddRidable(-1),,,,0,1,,,,,,,,,,,,,,,ic_mon011,,,1
2228,变形术-D,2228,1,,,1,,ResetModel,,,,1,,,,,,,,,,,,,,,,,1,0,,,,,,,,SetModel(4582);AddAtt(-1);AddRidable(-1),,,,0,1,,,,,,,,,,,,,,,ic_mon011,,,1
2229,变形术-E,2229,1,,,1,,ResetModel,,,,1,,,,,,,,,,,,,,,,,1,0,,,,,,,,SetModel(19);AddAtt(-1);AddRidable(-1),,,,0,1,,,,,,,,,,,,,,,ic_mon011,,,1
2230,变形术-F,2230,1,,,1,,ResetModel,,,,1,,,,,,,,,,,,,,,,,1,0,,,,,,,,SetModel(4654);AddAtt(-1);AddRidable(-1),,,,0,1,,,,,,,,,,,,,,,ic_mon011,,,1
2231,变形术-G,2231,1,,,1,,ResetModel,,,,1,,,,,,,,,,,,,,,,,1,0,,,,,,,,SetModel(17);AddAtt(-1);AddRidable(-1),,,,0,1,,,,,,,,,,,,,,,ic_mon011,,,1
2232,经验提高,2232,1,,,1,1,,,,,0,,,,,,,,,,,,,,,,,1,0,,,,,,,,AddExpRate(EffParam1/100.0),,,,1800*1000,1,,,,,,,,,,,,,,,exppill,,,1
2233,变形术-H,2233,1,,,1,,ResetModel,,,,1,,,,,,,,,,,,,,,,,1,0,,,,,,,,SetModel(605);AddAtt(-1);AddRidable(-1),,,,0,1,,,,,,,,,,,,,,,ic_mon011,,,1
2234,提升血上限(月龙斗士),2234,1,,,1,1,,,,,1,,,,,,,,,,,,,,,,,1,0,,,,,,,,AddMaxHp(500),,,,1800*1000,1,,,,,,,,,,,,,,,ic_pet_hp,,,1
2235,防御增强(月龙勇士),2235,1,,,1,1,,,,,1,,,,,,,,,,,,,,,,,1,0,,,,,,,,"AddArmor(0,500)",,,,1800*1000,1,,,,,,,,,,,,,,,ic_skill_fskill12,,,1
2236,伤害提高(月龙霸主),2236,1,,,1,1,,,,,0,,,,,,,,,,,,,,,,,1,0,,,,,,,,"AddDmgRate(0,10);AddDmgRate(1,10);AddDmgRate(2,10);AddDmgRate(3,10);AddDmgRate(4,10);AddDmgRate(5,10);AddDmg(0,10);AddDmg(1,10);AddDmg(2,10);AddDmg(3,10);AddDmg(4,10);AddDmg(5,10);",,,,1800*1000,1,,,,,,,,,,,,,,,ic_fskill02,,,1
2237,吸收伤害(月龙侠客),2237,1,,,1,1,,,,,0,,,,,,,,,,,,,,,,,1,0,,,,,,,,"AddDeltaDmgRate(0,-0.1);AddDeltaDmgRate(1,-0.1);AddDeltaDmgRate(2,-0.1);AddDeltaDmgRate(3,-0.1);AddDeltaDmgRate(4,-0.1);AddDeltaDmgRate(5,-0.1);AddDeltaDmg(0,-5);AddDeltaDmg(1,-5);AddDeltaDmg(2,-5);AddDeltaDmg(3,-5);AddDeltaDmg(4,-5);AddDeltaDmg(5,-5);",,,,1800*1000,1,,,,,,,,,,,,,,,ic_skill_fskill12,,,1
2238,昏迷,2238,1,7,,1,,,,1,,1,,,,,,,,,,,,,,,,,0,1,,4,,,,,,AddMove(-1);AddAtt(-1),,,,20000,1,,,,,,,,,,,,,eff_coma,,ic_buff_coma,,,1
2239,加速,2239,1,,,1,,,,,,1,,,,,,,,,,,,,,,,,1,1,,10,,,,,,AddSpeedRate(EffParam1/100.0),,,,EffParam2*1000,1,,,,,,,,,,,eff_q_skill15_start,root,eff_q_skill15,root,ic_skill_qskill15,,,1
2240,粽子人变形术,2240,1,,,1,,ResetModel,,,,1,,,,,,,,,,,,,,,,,1,0,,,,,,,,SetModel(5068);AddAtt(-1);AddRidable(-1),,,,0,1,,,,,,,,,,,,,,,ic_mon011,,,1
2241,龙舟人变形术,2241,1,,,1,,ResetModel,,,,1,,,,,,,,,,,,,,,,,1,0,,,,,,,,SetModel(5069);AddAtt(-1);AddRidable(-1),,,,0,1,,,,,,,,,,,,,,,ic_mon011,,,1
2242,蛇女变形术,2242,1,,,1,,ResetModel,,,,1,,,,,,,,,,,,,,,,,1,0,,,,,,,,SetModel(5070);AddAtt(-1);AddRidable(-1),,,,0,1,,,,,,,,,,,,,,,ic_mon011,,,1
2243,粽子人变形术,2243,1,,,1,,AddEffect(2240),,,,1,,,,,,,,,,,,,,,,,1,0,,,,,,,,,,,,500,1,,,,,,,,,,,,,,,,,,1
2244,龙舟人变形术,2244,1,,,1,,AddEffect(2241),,,,1,,,,,,,,,,,,,,,,,1,0,,,,,,,,,,,,500,1,,,,,,,,,,,,,,,,,,1
2245,蛇女变形术,2245,1,,,1,,AddEffect(2242),,,,1,,,,,,,,,,,,,,,,,1,0,,,,,,,,,,,,500,1,,,,,,,,,,,,,,,,,,1
2246,震晕,2246,1,7,,1,,,,1,,1,,,,,,,,,,,,,,,,,0,1,,4,,,,,,AddMove(-1);AddAtt(-1),,,,EffParam1*1000,1,,,,,,,,,,,,,eff_coma,,ic_action_pracitice,,,1
2247,眩晕,2247,1,,,1,,"AddEffect(2246,5)",,,,1,,,,,,,,,,,,,,,,,1,0,,,,,,,,,,,,500,1,,,,,,,,,,,,,,,,,,1
2248,伤害提高（乔鸟）,2248,1,,,,1,,,,,1,,,,,,,,,,,,,,,,,1,1,,,,,,,,"AddDmg(1,15);AddDmg(2,15);AddDmg(3,15);AddDmg(4,15);AddDmg(5,15);",,,,5*60*1000,1,5000,,,,,,,,,,,,,,ic_it614,,,1
2249,吸收伤害（神鳄）,2249,1,,,,1,,,,,1,,,,,,,,,,,,,,,,,1,1,,,,,,,,"AddDeltaDmg(0,-20);AddDeltaDmg(1,-20);AddDeltaDmg(2,-20);AddDeltaDmg(3,-20);AddDeltaDmg(4,-20);AddDeltaDmg(5,-20);",,,,5*60*1000,1,5000,,,,,,,,,,,,,,ic_it615,,,1
2250,防御增强(金刚),2250,1,,,,1,,,,,1,,,,,,,,,,,,,,,,,1,1,,,,,,,,"AddArmor(0,888)",,,,5*60*1000,1,5000,,,,,,,,,,,,,,ic_skill_fskill12,,,1
2251,防御提升(夜叉),2251,1,,,,1,,,,,1,,,,,,,,,,,,,,,,,1,1,,,,,,,,"AddArmor(1,300);AddArmor(2,300);AddArmor(3,300);AddArmor(4,300);AddArmor(5,300);",,,,5*60*1000,1,5000,,,,,,,,,,,,,,ic_it3519,,,0
2252,增加闪躲(银狐),2252,1,,,,1,,,,,1,,,,,,,,,,,,,,,,,1,1,,11,,,,,,AddDodge(400),,,,1*60*1000,1,5000,,,,,,,,,,eff_q_skill16,root,eff_buff_powerup,root,ic_skill_qskill16,,,1
2253,增加爆击(乔鞭子),2253,1,,,,1,,,,,1,,,,,,,,,,,,,,,,,1,1,,,,,,,,"AddDeltaCriticalRate(0,1);AddDeltaCriticalRate(1,1);AddDeltaCriticalRate(2,1);AddDeltaCriticalRate(3,1);AddDeltaCriticalRate(4,1);AddDeltaCriticalRate(5,1);",,,,1*60*1000,1,5000,,,,,,,,,,,,,,iwfs04,,,0
2254,无敌,2254,1,,,1,,,,,,1,,,,,,,,,,,,,,,,,1,1,,,,,,,,AddBeAtt(-1),,,,30*1000,1,,,,,,,,,,,,,eff_rebirth,,ic_it3419,,,1
2255,伤害提高（乔鸟）,2255,1,,,,,,,,,1,,,,,,,,,,,,,,,,,1,10,IsMyMaster=1,,,,,,,,,,,0,,5000,,,,AddEffect(2248),,,,,,,,,,ic_it614,,1,1
2256,吸收伤害（神鳄）,2256,1,,,,,,,,,1,,,,,,,,,,,,,,,,,1,10,IsMyMaster=1,,,,,,,,,,,0,,5000,,,,AddEffect(2249),,,,,,,,,,ic_it615,,1,1
2257,防御增强(金刚),2257,1,,,,,,,,,1,,,,,,,,,,,,,,,,,1,10,IsMyMaster=1,,,,,,,,,,,0,,5000,,,,AddEffect(2250),,,,,,,,,,ic_skill_fskill12,,1,1
2258,防御提升(夜叉),2258,1,,,,,,,,,1,,,,,,,,,,,,,,,,,1,10,IsMyMaster=1,,,,,,,,,,,0,,5000,,,,AddEffect(2251),,,,,,,,,,ic_it3519,,1,0
2259,增加闪躲(银狐),2259,1,,,,,,,,,1,,,,,,,,,,,,,,,,,1,10,IsMyMaster=1,11,,,,,,,,,,0,,5000,,,,AddEffect(2252),,,,,,eff_q_skill16,root,eff_buff_powerup,root,ic_skill_qskill16,,1,1
2260,增加爆击(乔鞭子),2260,1,,,,,,,,,1,,,,,,,,,,,,,,,,,1,10,IsMyMaster=1,,,,,,,,,,,0,,5000,,,,AddEffect(2253),,,,,,,,,,iwfs04,,1,0
,,,,,,,,,,,,,,,,,,,,,,,,,,,,,,,,,,,,,,,,,,,,,,,,,,,,,,,,,,,,,
,,,,,,,,,,,,,,,,,,,,,,,,,,,,,,,,,,,,,,,,,,,,,,,,,,,,,,,,,,,,,
