short,备注,bool,float[3],,string,,string,,,,string,string,,string,string,,string,string,string,string,string,string,string,float,int,float, ,string,string,,,,,,
,备注,是否动态模型,模型缩放,模型透明度,模型文件,换皮肤,换材质,模型受击点,DOT受击点,模型门派,武器1,武器1连接,武器1收起link点,武器2,武器2连接,武器2收起link点,附身特效文件,link点名,头发,头,身体,手,脚,碰撞半径,移动方式,移动速度,消失方式,死亡模型文件,出生模型文件,waiting动作个数,头像,3D头像摄像机位置,3D头像摄像机目标位置,,备注
ID,name,dynamic,modelScale,visible,act,replaceSkin,replaceMat,hitPoint,dotHitPoint,party,weapon1,weapon1Link,weapon1DrawInLink,weapon2,weapon2Link,weapon2DrawInLink,linkEffect,linkBone,hairSkin,headSkin,bodySkin,handSkin,footSkin,modelRadius,moveType,moveSpeed,vanishType,deadModel,bornModel,waitingPoseCount,headIcon,headCameraPos,headCameraLookAt,bCache,
1,竹叶青,0,1;1;1,1,mon001,mon001_a,,Bone06,,5,,,,,,,,,,,,,,15,2,80,1,,,1,ic_mon002,,,,
2,竹林蛇王,0,1;1;1,1,mon001,,,Bone06,,5,,,,,,,,,,,,,,15,2,80,1,,,1,ic_mon001,,,,
3,蛇首杂役,0,1;1;1,1,mon002,mon002_a,,Bonecat28,,5,iwmon002_a,Bwp01,,,,,,,,,,,,15,2,80,1,,,1,ic_mon002_a,,,,
4,蛇首捕头,0,1;1;1,1,mon002,mon002_a,mon002_b,Bonecat28,,5,iwmon002_b,Bwp01,,,,,,,,,,,,15,2,80,1,,,1,ic_mon002_b,,,,
5,蛇匪头目,0,1;1;1,1,mon002,,,Bonecat28,,5,iwmon002_c,Bwp01,,,,,,,,,,,,15,2,80,1,,,1,ic_mon002_c,,,,
6,飞蜈蚣,0,1;1;1,1,mon003,,,B_mon03_00,,5,,,,,,,,,,,,,,15,1,80,1,,,1,ic_mon003,,,,
7,致命蜈蚣,0,1;1;1,1,mon003,,mon003_b,B_mon03_00,,5,,,,,,,,,,,,,,15,1,80,1,,,1,ic_mon003_b,,,,
8,鬼火,0,1;1;1,1,mon004,,,Box01,,5,,,,,,,,,,,,,,15,1,80,1,,,1,ic_mon004,,,,
9,噬血魂,0,1;1;1,1,mon005,,,Bmon005_22,,5,,,,,,,,,,,,,,15,1,48,1,,,1,ic_mon005,,,,
10,怨鬼,0,1;1;1,1,mon006,,mon006_a,Bip01,,5,,,,,,,,,,,,,,15,1,80,4,eff_mon006a_die,,1,ic_mon006_a,,,,
11,恶鬼,0,1;1;1,1,mon006,,mon006_b,Bip01,,5,,,,,,,,,,,,,,15,1,80,4,eff_mon006b_die,,1,ic_mon006_b,,,,
12,纨挎子弟,0,1;1;1,1,mon007,,,Bip_mon007,,5,,,,,,,,,,,,,,15,1,75,1,,,1,ic_mon007,,,,
13,恶和尚,0,1;1;1,1,mon008,,mon008_a,Bip_mon008 Spine1,,5,iwmon002_a,Bwp01,,,,,,,,,,,,15,1,94,1,,,1,ic_mon008_a,,,,
14,野狼,0,1;1;1,1,mon009,,mon009_a,B01,,5,,,,,,,,,,,,,,15,2,106,1,,,1,ic_mon009,,,,
15,山狼,0,1;1;1,1,mon009,,mon009_b,B01,,5,,,,,,,,,,,,,,15,2,106,1,,,1,ic_mon009_b,,,,
16,山精,0,1.25;1.25;1.25,1,mon010,,,Bmon010_02,,5,,,,,,,,,,,,,,15,1,80,1,,,1,ic_mon010,,,,
17,毒蘑菇,0,1;1;1,1,mon011,,,Bmon011_00,,5,,,,,,,,,,,,,,15,2,47,1,,,1,ic_mon011,,,,
18,野兔,0,1;1;1,1,mon012,,mon012_a,Bmon012,,5,,,,,,,,,,,,,,15,2,80,1,,,1,ic_mon012_b,,,,
19,小家兔,0,1;1;1,1,mon012,,mon012_b,Bmon012,,5,,,,,,,,,,,,,,15,2,80,1,,,1,ic_mon012,,,,
20,匪徒,0,1;1;1,1,mon014,mon014_a,,Bip_mon014,,5,iwmon014_a,Bwp01,,,,,,,,,,,,15,1,113,1,,,1,ic_mon014,,,,
21,金光鼎,0,1;1;1,1,mon014,mon014_b,,Bip_mon014,,5,iwmon014_b,Bwp01,,,,,,,,,,,,15,1,113,1,,,1,ic_mon014_b,,,,
22,黑衣贼,0,1;1;1,1,mon015,mon015_a,,Bip_mon015,,5,,,,,,,,,,,,,,15,1,100,1,,,1,ic_mon015_a,,,,
23,采花贼,0,1;1;1,1,mon015,mon015_b,,Bip_mon015,,5,iwmon015_i,Bwp01,,,,,,,,,,,,15,1,100,1,,,1,ic_mon015_b,,,,
24,张亮,0,1;1;1,1,mon015,mon015_c,,Bip_mon015,,5,iwmon015_c,Bwp01,,,,,,,,,,,,15,1,100,1,,,1,ic_mon015_c,,,,
25,薛蟒,0,1;1;1,1,mon015,mon015_e,,Bip_mon015,,5,iwmon015_e,Bwp01,,,,,,,,,,,,15,1,100,1,,,1,ic_mon015_e,,,,
26,阴阳叟,0,1.5;1.5;1.5,1,mon017,,mon017_a,Bip_mon017,,5,,,,,,,,,,,,,,15,1,80,1,,,1,ic_mon017_a,,,,
27,赤焰道人,0,1.5;1.5;1.5,1,mon017,,mon017_b,Bip_mon017,,5,,,,,,,,,,,,,,15,1,80,1,,,1,ic_mon017_b,,,,
28,铁钟道人,0,1.5;1.5;1.5,1,mon017,,mon017_c,Bip_mon017,,5,,,,,,,,,,,,,,15,1,80,1,,,1,ic_mon017_c,,,,
29,金角蟒,0,1;1;1,1,mon018,,,Bmon018_cat00,,5,,,,,,,,,,,,,,15,2,80,1,,,1,ic_mon018,,,,
30,双身蛇,0,1;1;1,1,mon019,,,bmon019_cat01,,5,,,,,,,,,,,,,,15,2,80,1,,,1,ic_mon019,,,,
31,灵芝仙,0,1;1;1,1,mon020,,,Bip_mon020 Spine1,,5,,,,,,,,,,,,,,15,1,80,1,,,1,ic_mon020,,,,
32,百毒金蚕蛊,0,1;1;1,1,mon021,,,bmon021_cat00,,5,,,,,,,,,,,,,,15,1,80,1,,,1,ic_mon021,,,,
33,猪脸猫,0,1;1;1,1,mon022,,,Bip_mon022 Spine2,,5,,,,,,,,,,,,,,15,2,60,1,,,1,ic_mon022,,,,
34,蟑螂,0,1;1;1,1,mon023,,,Bmon023_00,,5,,,,,,,,,,,,,,15,2,80,1,,,1,ic_mon023,,,,
35,千年蛇妖,0,1.5;1.5;1.5,1,boss001,,,Boss001_cat01,Boss001_cat29,5,,,,,,,,,,,,,,15,1,80,1,,,1,ic_boss001,,,,
36,仙灵蜈蚣,0,1.5;1.5;1.5,1,boss002,,,Boss002_04,Boss002_04,5,,,,,,,,,,,,,,15,1,80,1,,,1,ic_boss002,,,,
37,鬼风妖道,0,1.5;1.5;1.5,1,boss003,,,Boss003_00,Boss003_03,5,iwboss003,Bwp01,,,,,,,,,,,,15,1,80,4,eff_boss003_die,,1,ic_boss003,,,,
38,知非禅师,0,1;1;1,1,boss005_c,,,Bip01 Spine,,5,,,,,,,,,,,,,,15,1,138,1,,,1,ic_boss005c,,,,
39,晓月禅师,0,1;1;1,1,boss005_d,,,Bip01 Spine,,5,iwboss005_d,Bwp01,,,,,,,,,,,,15,1,138,1,,,1,ic_boss005d,,,,
40,受伤的熊猫人,0,1;1;1,1,npc001,,,,,5,,,,,,,,,,,,,,15,1,,1,,,2,ic_npc001,,,,
41,白云大师,0,1;1;1,1,npc002,,npc002_a,,,5,,,,,,,,,,,,,,15,1,,1,,,1,ic_npc002_a,,,,
42,玉清大师,0,1;1;1,1,npc002,,npc002_b,,,5,,,,,,,,,,,,,,15,1,,1,,,1,ic_npc002_b,,,,
43,小尼姑,0,1;1;1,1,npc003_a,,,,,5,,,,,,,,,,,,,,15,1,,1,,,1,ic_npc003_a,,,,
44,小女孩,0,1;1;1,1,npc003_a,npc003_b,,,,5,,,,,,,,,,,,,,15,1,,1,,,1,ic_npc003_b,,,,
45,餐霞大师弟子,0,1;1;1,1,npc004,,,,,5,,,,,,,,,,,,,,15,1,,1,,,1,ic_npc004,,,,
46,乡勇,0,1;1;1,1,npc005,,,,,5,,,,,,,,,,,,,,15,1,,1,,,1,ic_npc005,,,,
47,营地伤员01,0,1;1;1,1,npc005b,,,,,5,,,,,,,,,,,,,,15,1,,1,,,1,ic_npc005_b,,,,
48,营地伤员02,0,1;1;1,1,npc005c,,,,,5,,,,,,,,,,,,,,15,1,,1,,,1,ic_npc005_c,,,,
49,营地医师,0,1;1;1,1,npc006,,npc006_a,,,5,,,,,,,,,,,,,,15,1,80,1,,,1,ic_npc006,,,,
50,孤魂野鬼,0,1;1;1,1,npc007,,,,,5,,,,,,,,,,,,,,15,1,,1,,,1,ic_npc007,,,,
51,追云叟,0,1;1;1,1,npc019,,npc019_a,,,5,,,,,,,,,,,,,,15,1,,1,,,1,ic_npc019_a,,,,
52,通臂神猿李宁,0,1;1;1,1,npc019,,npc019_b,,,5,,,,,,,,,,,,,,15,1,,1,,,1,ic_npc019_b,,,,
53,百禽道人公冶黄,0,1;1;1,1,npc019,,npc019_c,,,5,,,,,,,,,,,,,,15,1,,1,,,1,ic_npc019_c,,,,
54,魏青,0,1;1;1,1,mon013,,,Bip_mon013 Spine1,,5,,,,,,,,,,,,,,15,1,150,1,,,1,ic_mon013a,,,,
55,李南国,0,1;1;1,1,mon013,,mon013_b,Bip_mon013 Spine1,,5,,,,,,,,,,,,,,15,1,150,1,,,1,ic_mon013_b,,,,
57,龙飞,0,1.2;1.2;1.2,1,mon014,mon014_c,,Bip_mon014,,5,iwmon014_c,Bwp01,,,,,,,,,,,,15,1,113,1,,,1,ic_mon014_c,,,,
58,丹丘生,0,1.2;1.2;1.2,1,mon014,mon014_d,,Bip_mon014,,5,iwmon014_d,Bwp01,,,,,,,,,,,,15,1,113,1,,,1,ic_mon014_d,,,,
59,燕南飞,0,1.2;1.2;1.2,1,mon014,mon014_e,,Bip_mon014,,5,iwmon014_e,Bwp01,,,,,,,,,,,,15,1,113,1,,,1,ic_mon014_e,,,,
60,秦朗,0,1;1;1,1,mon015,mon015_d,,Bip_mon015,,5,iwmon015_d,Bwp01,,,,,,,,,,,,15,1,100,1,,,1,ic_mon015_d,,,,
61,强马贼,0,1;1;1,1,mon015,mon015_f,,Bip_mon015,,5,iwmon015_f,Bwp01,,,,,,,,,,,,15,1,100,1,,,1,ic_mon015_f,,,,
62,流寇,0,1;1;1,1,mon015,mon015_h,mon015_g,Bip_mon015,,5,iwmon015_i,Bwp01,,,,,,,,,,,,15,1,100,1,,,1,ic_mon015_g,,,,
63,流寇精锐,0,1;1;1,1,mon015,mon015_h,,Bip_mon015,,5,iwmon015_h,Bwp01,,,,,,,,,,,,15,1,100,1,,,1,ic_mon015_h,,,,
64,马贼精锐,0,1;1;1,1,mon015,mon015_i,,Bip_mon015,,5,iwmon015_i,Bwp01,,,,,,,,,,,,15,1,100,1,,,1,ic_mon015_i,,,,
65,李南村,0,1;1;1,1,mon015,mon015_j,,Bip_mon015,,5,iwmon015_d,Bwp01,,,,,,,,,,,,15,1,100,1,,,1,ic_mon015_j,,,,
66,李南城,0,1;1;1,1,mon015,mon015_k,,Bip_mon015,,5,iwmon015_k,Bwp01,,,,,,,,,,,,15,1,100,1,,,1,ic_mon015_k,,,,
67,何生玉,0,1;1;1,1,mon015,mon015_l,,Bip_mon015,,5,iwmon015_l,Bwp01,,,,,,,,,,,,15,1,100,1,,,1,ic_mon015_l,,,,
68,商会老大,0,1;1;1,1,mon015,mon015_m,,Bip_mon015,,5,iwmon015_m,Bwp01,,,,,,,,,,,,15,1,100,1,,,1,ic_mon015_m,,,,
69,风尘女子,0,1;1;1,1,mon016,,mon016_a,bip_mon016,,5,iwmon016_a,Bwp01,,iwmon016_a,Bwp02,,,,,,,,,15,1,100,1,,,1,ic_mon016_a,,,,
70,杨花,0,1;1;1,1,mon016,,mon016_b,bip_mon016,,5,iwmon016_b,Bwp01,,iwmon016_b,Bwp02,,,,,,,,,15,1,100,1,,,1,ic_mon016_b,,,,
71,无眉妖女,0,1;1;1,1,mon016,mon016_c,,bip_mon016,,5,iwmon016_c,Bwp01,,iwmon016_c,Bwp02,,,,,,,,,15,1,100,1,,,1,ic_mon016_c,,,,
72,铁须道长,0,1;1;1,1,mon017,,mon017_d,Bip_mon017,,5,,,,,,,,,,,,,,15,1,80,1,,,1,ic_mon017_d,,,,
73,猛火道长,0,1;1;1,1,mon017,mon017_e,,Bip_mon017,,5,,,,,,,,,,,,,,15,1,80,1,,,1,ic_mon017_e,,,,
74,毒蝇,0,1;1;1,1,mon025,,,Bmon025_25,,5,,,,,,,,,,,,,,15,1,80,1,,,1,ic_mon025,,,,
75,幼虎,0,1;1;1,1,mon026,,mon026_a,bip_mon026 Spine1,,5,,,,,,,,,,,,,,15,2,80,1,,,1,ic_mon026_a,,,,
76,猛虎,0,1;1;1,1,mon026,,mon026_b,bip_mon026 Spine1,,5,,,,,,,,,,,,,,15,2,80,1,,,1,ic_mon026_b,,,,
77,金钱豹,0,1;1;1,1,mon026,mon026_c,,bip_mon026 Spine1,,5,,,,,,,,,,,,,,15,2,80,1,,,1,ic_mon026_c,,,,
78,男山民,0,1;1;1,1,mon027_a,,,Bip_mon027 Spine,,5,iwmon027_a,Bwp01,,,,,,,,,,,,15,1,106,1,,,1,ic_mon027,,,,
79,男山民,0,1;1;1,1,mon027_b,,,Bip_mon027 Spine,,5,iwmon027_b,Bwp01,,,,,,,,,,,,15,1,106,1,,,1,ic_mon027_b,,,,
80,男山民,0,1;1;1,1,mon027_c,,,Bip_mon027 Spine,,5,iwmon027_c,Bwp01,,,,,,,,,,,,15,1,106,1,,,1,ic_mon027_c,,,,
81,男山民,0,1;1;1,1,mon027_d,,,Bip_mon027 Spine,,5,iwmon027_d,Bwp01,,,,,,,,,,,,15,1,106,1,,,1,ic_mon027_d,,,,
82,女山民,0,1;1;1,1,mon028_a,,,Bip_mon027 Spine,,5,iwmon027_a,Bwp01,,,,,,,,,,,,15,1,80,1,,,1,ic_mon028_a,,,,
83,女山民,0,1;1;1,1,mon028_b,,,Bip_mon027 Spine,,5,iwmon027_b,Bwp01,,,,,,,,,,,,15,1,80,1,,,1,ic_mon028_b,,,,
84,女山民,0,1;1;1,1,mon028_c,,,Bip_mon027 Spine,,5,iwmon027_c,Bwp01,,,,,,,,,,,,15,1,80,1,,,1,ic_mon028_c,,,,
85,女山民,0,1;1;1,1,mon028_d,,,Bip_mon027 Spine,,5,iwmon027_d,Bwp01,,,,,,,,,,,,15,1,80,1,,,1,ic_mon028_d,,,,
86,幼年野骡,0,0.5;0.5;0.5,1,mon029,,mon029_a,bip_mon029 Spine1,,5,,,,,,,,,,,,,,15,2,89,1,,,1,ic_mon029_a,,,,
87,壮年野骡,0,0.75;0.75;0.75,1,mon029,,mon029_b,bip_mon029 Spine1,,5,,,,,,,,,,,,,,15,2,89,1,,,1,ic_mon029_b,,,,
88,野骡王,0,1;1;1,1,mon029,,mon029_c,bip_mon029 Spine1,,5,,,,,,,,,,,,,,15,2,89,1,,,1,ic_mon029_c,,,,
89,金猱,0,1;1;1,1,mon030,,mon030_b,Bip_mon030,,5,,,,,,,,,,,,,,15,2,89,1,,,1,ic_mon030_a,,,,
90,绿袍老祖,0,1.5;1.5;1.5,1,boss004,,,Bip_boss004,,5,iwboss008,Bwp01,,,,,,,,,,,,15,1,163,4,eff_boss004_die,,1,ic_boss004,,,,
91,智通,0,1;1;1,1,boss005_a,,,Bip01 Spine,,5,iwboss005_b,Bwp01,,,,,,,,,,,,15,1,138,1,,,1,ic_boss005a,,,,
92,法元,0,1;1;1,1,boss005_b,,,Bip01 Spine,,5,iwboss005_b,Bwp01,,,,,,,,,,,,15,1,138,1,,,1,ic_boss005b,,,,
93,小妖道何兴,0,1;1;1,1,boss006,,,bip_boss006,,5,iwboss006,Bwp01,,,,,,,,,,,,15,1,138,1,,,1,ic_boss006,,,,
94,妖道尤太真,0,1;1;1,1,boss007,,,bip_boss007,,5,iwboss007,Box01,,,,,,,,,,,,15,1,138,1,,,1,ic_boss007,,,,
95,山酋黑神,0,1;1;1,1,boss008,,,Bip_boss008 Spine,,5,iwboss008,Bwp01,,,,,,,,,,,,15,1,163,1,,,1,ic_boss008,,,,
96,张老四,0,1;1;1,1,npc006,,npc006_b,,,5,,,,,,,,,,,,,,15,1,65,1,,,1,ic_npc006_b,,,,
97,举子宋时,0,1;1;1,1,npc008,,npc008_a,,,5,,,,,,,,,,,,,,15,1,,1,,,1,ic_npc008_a,,,,
98,举子周云从,0,1;1;1,1,npc008,,npc008_b,,,5,,,,,,,,,,,,,,15,1,65,1,,,1,ic_npc008_b,,,,
99,孙南,0,1;1;1,1,npc008,npc008_c,,,,5,,,,,,,,,,,,,,15,1,,1,,,1,ic_npc008_c,,,,
100,伙计,0,1;1;1,1,npc009,,,,,5,,,,,,,,,,,,,,15,1,,1,,,1,ic_npc009,,,,
101,峨嵋男主角,1,1;1;1,1,pe,,,Bip_pe01,,0,,,,,,,,,fpe01,ape01,bpe01,hpe01,lpe01,15,1,80,1,,,1,ic_pe005,1.30;46.00;-0.65,-2.33;0.00;40.33,1,
102,佛门男主角1,1,1;1;1,1,pf,,,Bip01,,1,,Blink_wp,Blink_bk,,,,,,fpf01,apf01,bpf01,hpf01,lpf01,15,1,100,1,,,1,ic_pf005,,,1,
103,百花女主角,1,1;1;1,1,pb,,,Bip_pb01,,3,,,,,,,,,fpb01,apb01,bpb01,hpb01,lpb01,15,1,80,1,,,1,ic_bp005,,,1,
104,青城男主角,1,1;1;1,1,pq,,,Bip_pq,,2,,Blink_wp,Blink_bk,,,,,,fpq01,apq01,bpq01,hpq01,lpq01,15,1,86,1,,,1,ic_pq005,,,1,
105,仙禽女主角,1,1;1;1,1,px,,,Bip_px,,4,,Blink_wp,Blink_bk01,,,,,,fpx01,apx01,bpx01,hpx01,lpx01,15,1,80,1,,,1,ic_px005,,,1,
106,峨嵋女主角,1,1;1;1,1,pew04,,,Bip01,,0,,,,,,,,,fpew01,apew01,bpew01,hpew01,lpew01,15,1,80,1,,,1,ic_pew001,,,1,
110,成都乡绅,0,1;1;1,1,npc010,,,,,5,,,,,,,,,,,,,,15,1,,1,,,1,ic_npc010,,,,
111,女侠石玉珠,0,1;1;1,1,npc011,,npc011_a,,,5,,,,,,,,,,,,,,15,1,,1,,,1,ic_npc011_a,,,,
112,齐灵云,0,1;1;1,1,npc011,,npc011_b,,,5,,,,,,,,,,,,,,15,1,,1,,,1,ic_npc011_b,,,,
113,朱文,0,1;1;1,1,npc011_c,,,,,5,,,,,,,,,,,,,,15,1,,1,,,1,ic_npc011_c,,,,
114,宝箱,0,1;1;1,1,npc012,,,,,5,,,,,,,,,,,,,,15,1,,1,,,1,ic_npc012,,,,
115,柴草堆,0,1;1;1,1,npc013,,,,,5,,,,,,,,,,,,,,15,1,,1,,,1,ic_npc013,,,,
116,掌柜,0,1;1;1,1,npc014,,,,,5,,,,,,,,,,,,,,15,1,,1,,,1,ic_npc014,,,,
117,铁匠,0,1;1;1,1,npc015,,,,,5,,,,,,,,,,,,,,15,1,,1,,,1,ic_npc015,,,,
118,幽冥判官,0,1;1;1,1,npc016,,,,,5,,,,,,,,,,,,,,15,1,,1,,,1,ic_npc016,,,,
119,周淳,0,1;1;1,1,npc017,,npc017_a,,,5,,,,,,,,,,,,,,15,1,,1,,,1,ic_npc017_a,,,,
120,髯仙李元化,0,1;1;1,1,npc017,,npc017_b,,,5,,,,,,,,,,,,,,15,1,,1,,,1,ic_npc017_b,,,,
121,知客了一,0,1;1;1,1,npc018,,,,,5,,,,,,,,,,,,,,15,1,,1,,,1,ic_npc018,,,,
122,山民卫士,0,1;1;1,1,npc020_a,,,Bip_mon027 Spine,,5,iwmon027_c,Bwp01,,,,,,,,,,,,15,1,106,1,,,1,ic_npc020,,,,
123,山民,0,1;1;1,1,npc020_b,,,Bip_mon027 Spine,,5,,,,,,,,,,,,,,15,1,106,1,,,1,ic_npc020,,,,
124,山民长老,0,1;1;1,1,npc021,,,Bip_mon027 Spine,,5,,,,,,,,,,,,,,15,1,106,1,,,1,ic_npc021,,,,
125,猛鬼,0,1;1;1,1,mon006,,mon006_c,Bip01,,5,,,,,,,,,,,,,,15,1,80,4,eff_mon006c_die,,1,ic_mon006_c,,,,
126,怨灵,0,1;1;1,1,mon006,,mon006_d,Bip01,,5,,,,,,,,,,,,,,15,1,80,4,eff_mon006d_die,,1,ic_mon006_d,,,,
127,四金钢,0,1;1;1,1,mon008,,mon008_b,Bip_mon008 Spine1,,5,iwmon002_b,Bwp01,,,,,,,,,,,,15,1,94,1,,,1,ic_mon008_b,,,,
128,毛太,0,1;1;1,1,mon008,mon008_c,,Bip_mon008 Spine1,,5,iwmon008_c,Bwp01,,,,,,,,,,,,15,1,94,1,,,1,ic_mon008_c,,,,
129,俞德,0,1;1;1,1,mon008,mon008_d,,Bip_mon008 Spine1,,5,iwmon002_c,Bwp01,,,,,,,,,,,,15,1,94,1,,,1,ic_mon008_d,,,,
130,僧兵,0,1;1;1,1,mon008,mon008_e,,Bip_mon008 Spine1,,5,iwmon008_e,Bwp01,,,,,,,,,,,,15,1,94,1,,,1,ic_mon008_e,,,,
131,黄狼,0,1;1;1,1,mon009,,mon009_c,B01,,5,,,,,,,,,,,,,,15,2,106,1,,,1,ic_mon009_c,,,,
132,变异竹叶青,0,1;1;1,1,mon001,mon001_a,mon024,Bone06,,5,,,,,,,,,,,,,,15,2,80,1,,,1,ic_mon002,,,,
133,小金猱,0,1;1;1,1,mon030,,mon030_a,Bip_mon030,,5,,,,,,,,,,,,,,15,2,89,1,,,1,ic_mon030_a,,,,
134,双头蛇王,0,2;2;2,1,mon018,,,Bmon018_cat00,,5,,,,,,,,,,,,,,15,2,80,1,,,1,ic_mon018,,,,
135,蛇妖化身,0,1.5;1.5;1.5,1,eff_boss001_statue,,,Boss001_cat01,Boss001_cat29,5,,,,,,,,,,,,,,15,1,80,1,,,1,ic_boss001,,,,
136,蛇妖元神,0,1.5;1.5;1.5,1,boss001,,,Boss001_cat01,Boss001_cat29,5,,,,,,,,,,,,,,15,1,80,1,,,1,ic_boss001,,,,
137,封印门,0,1;1;1,1,ssx_fydoor001b,,,,,5,,,,,,,,,,,,,,15,1,,3,,,0,ic_default_face,,,,
138,污染者毒菌,0,2;2;2,1,mon011,,,Bmon011_00,,5,,,,,,,,,,,,,,15,1,47,1,,,1,ic_mon011,,,,
139,被污染的孢子,0,0.8;0.8;0.8,1,mon011,,,Bmon011_00,,5,,,,,,,,,,,,,,15,2,47,1,,,1,ic_mon011,,,,
140,蛇精,0,1;1;1,0.3,npc011_c,,,,,5,,,,,,,,,,,,,,15,1,,1,,,1,ic_npc011_c,,,,
141,蛇妖化身,0,1.5;1.5;1.5,1,boss001,,,Boss001_cat01,Boss001_cat29,5,,,,,,,,,,,,,,15,1,80,1,,,1,ic_boss001,,,,
142,佛奴,0,2;2;2,1,npc022,,,,,5,,,,,,,,,,,,,,15,1,106,1,,,1,ic_npc022,,,,
143,机关兽,0,0.8;0.8;0.8,1,mon031,,,Bip_mon031 Spine,,5,,,,,,,,,,,,,,15,1,284,1,,,1,ic_mon031,,,,
144,桃树精,0,1.25;1.25;1.25,1,mon010,mon010_b,,Bmon010_02,,5,,,,,,,,,,,,,,15,1,80,1,,,1,ic_mon010_b,,,,
145,宠物机关兽,0,1;1;1,1,mon032,,,Bip_mon032_ Spine1,,5,,,,,,,,,,,,,,15,1,127,1,,,1,ic_mon032,,,,
146,桂花妖,0,1;1;1,1,mon033,,,bip_mon033 Spine,,5,,,,,,,,,,,,,,15,1,85,1,,,1,ic_mon033,,,,
147,机关人,0,1;1;1,1,mon034,,,Bip_mon034 Spine,,5,,,,,,,,,,,,,,15,1,66,1,,,1,ic_mon034,,,,
148,金驼,0,1;1;1,1,mon035,,,Bip_mon035_ Spine,,5,iwmon035,Bwp01,,,,,,,,,,,,15,1,80,1,,,1,ic_mon035,,,,
149,鳄鱼,0,1;1;1,1,mon036,,,bip_boss009 Spine1,,5,,,,,,,,,,,,,,15,2,60,1,,,1,ic_mon036,,,,
150,穿山甲,0,1;1;1,1,mon037,,,bip_mon037 Spine1,,5,,,,,,,,,,,,,,15,2,75,1,,,1,ic_mon037,,,,
151,火石怪,0,1;1;1,1,mon038,,,bip_mon038 Spine,,5,,,,,,,,,,,,,,15,1,145,1,,,1,ic_mon038,,,,
152,神鳄,0,1.8;1.8;1.8,1,boss009,,,bip_boss009 Spine1,,5,,,,,,,,,,,,,,15,2,60,1,,,1,ic_boss009,,,,
153,黑石怪,0,1;1;1,1,boss010,,,B01,,5,,,,,,,,,,,,,,15,1,0,4,eff_boss010_die,,1,ic_boss010,,,,
154,机关巨人,0,1;1;1,1,boss011,,,Bip_boss011 Spine1,,5,,,,,,,,,,,,,,25,1,120,1,,,1,ic_boss011,,,,
155,红花婆婆,0,1;1;1,1,boss012,,,bip_boss012,,5,iwboss012,Bwp01,,,,,,,,,,,,15,1,80,1,,,1,ic_boss012,,,,
156,飞龙师太,0,1;1;1,1,boss013,,,Bip_boss013 Spine1,,5,iwboss013,Bwp01,,iwboss013,Bwp02,,,,,,,,,15,1,156,1,,,1,ic_boss013,,,,
157,小熊猫,0,1;1;1,1,pet001,,,,,5,,,,,,,,,,,,,,15,1,60,1,,,2,ic_pet001,,,1,
158,虎,0,1;1;1,1,ride001,,,,,5,,,,,,,,,,,,,,15,1,157,1,,,1,ic_mon026_b,,,,
159,幼年山狼,0,0.7;0.7;0.7,1,mon009,,mon009_b,B01,,5,,,,,,,,,,,,,,15,2,106,1,,,1,ic_mon009_b,,,,
160,精英狼王,0,1.5;1.5;1.5,1,mon009,,mon009_c,B01,,5,,,,,,,,,,,,,,15,2,106,1,,,1,ic_mon009_c,,,,
161,猪脸猫幼崽,0,0.7;0.7;0.7,1,mon022,,,Bip_mon022 Spine2,,5,,,,,,,,,,,,,,15,2,60,1,,,1,ic_mon022,,,,
162,小蟑螂,0,0.7;0.7;0.7,1,mon023,,,Bmon023_00,,5,,,,,,,,,,,,,,15,2,80,1,,,1,ic_mon023,,,,
163,蟑螂王,0,2;2;2,1,mon023,,,Bmon023_00,,5,,,,,,,,,,,,,,15,2,80,1,,,1,ic_mon023,,,,
164,阿黄,0,0.8;0.8;0.8,1,mon009,,mon009_c,B01,,5,,,,,,,,,,,,,,15,2,106,1,,,1,ic_mon009_c,,,,
165,野兔幼崽,0,0.9;0.9;0.9,1,mon012,,mon012_a,Bmon012,,5,,,,,,,,,,,,,,15,2,80,1,,,1,ic_mon012_b,,,,
166,老蟑螂,0,1.3;1.3;1.3,1,mon023,,,Bmon023_00,,5,,,,,,,,,,,,,,15,2,80,1,,,1,ic_mon023,,,,
167,决斗旗子,0,1;1;1,1,npc026,,,,,5,,,,,,,,,,,,,,15,1,80,1,,,0,,,,,
168,小双头蛇,0,0.7;0.7;0.7,1,mon018,,,Bmon018_cat00,,5,,,,,,,,,,,,,,15,2,80,1,,,1,ic_mon018,,,,
169,幼豹,0,0.7;0.7;0.7,1,mon026,mon026_c,,bip_mon026 Spine1,,5,,,,,,,,,,,,,,15,2,80,1,,,1,ic_mon026_c,,,,
170,小黑豹,0,0.7;0.7;0.7,1,mon026,mon026_c,mon026_d,bip_mon026 Spine1,,5,,,,,,,,,,,,,,15,2,80,1,,,1,ic_mon026_d,,,,
171,黑豹,0,1;1;1,1,mon026,mon026_c,mon026_d,bip_mon026 Spine1,,5,,,,,,,,,,,,,,15,2,80,1,,,1,ic_mon026_d,,,,
172,恶鬼凶灵,0,2;2;2,1,mon006,,mon006_c,Bip01,,5,,,,,,,,,,,,,,15,1,80,4,eff_mon006c_die,,1,ic_mon006_c,,,,
173,飞蛇,0,1.3;1.3;1.3,1,mon019,,,bmon019_cat01,,5,,,,,,,,,,,,,,15,2,80,1,,,1,ic_mon019,,,,
174,新鲜的蘑菇,0,0.5;0.5;0.5,1,mon011,,,Bmon011_00,,5,,,,,,,,,,,,,,15,2,47,1,,,1,ic_mon011,,,,
175,百合花,0,0.5;0.5;0.5,1,npc027,,,,,5,,,,,,,,,,,,,,15,2,47,1,,,1,ic_npc027,,,,
250,心灯,0,1;1;1,1,eff_f_skill13,,,,,5,,,,,,,,,,,,,,15,1,0,1,,,1,ic_default_face,,,,
176,小青蛇,0,0.7;0.7;0.7,1,mon001,mon001_a,mon024,Bone06,,5,,,,,,,,,,,,,,15,2,80,1,,,1,ic_mon001,,,,
177,智通,0,1.2;1.2;1.2,1,boss005_a,,,Bip01 Spine,,5,iwboss005_b,Bwp01,,,,,,,,,,,,15,1,138,1,,,1,ic_boss005a,,,,
178,智通,0,1.4;1.4;1.4,1,boss005_a,,,Bip01 Spine,,5,iwboss005_b,Bwp01,,,,,,,,,,,,15,1,138,1,,,1,ic_boss005a,,,,
179,智通,0,1.6;1.6;1.6,1,boss005_a,,,Bip01 Spine,,5,iwboss005_b,Bwp01,,,,,,,,,,,,15,1,138,1,,,1,ic_boss005a,,,,
180,蛇匪将军,0,1.3;1.3;1.3,1,mon002,,,Bonecat28,,5,iwmon002_c,Bwp01,,,,,,,,,,,,15,2,80,1,,,1,ic_mon002_c,,,,
,,,,,,,,,,,,,,,,,,,,,,,,,,,,,,,,,,,
181,新鲜的野果,0,1;1;1,1,npc031,,,,,5,,,,,,,,,,,,,,15,1,,1,,,1,ic_npc099,,,,
182,西域妖人,0,1;1;1,1,mon039,,,Bip_mon039_ Spine,,5,,,,,,,,,,,,,,15,1,120,1,,,1,ic_mon039,,,,
183,西域猎犬,0,1;1;1,1,mon009,,mon009_d,B01,,5,,,,,,,,,,,,,,15,2,106,1,,,1,ic_mon009_d,,,,
184,尸体,0,1;1;1,1,npc030,,,,,5,,,,,,,,,,,,,,15,2,,1,,,1,ic_npc005_c,,,,
185,西域魔僧,0,1;1;1,1,mon008,,mon008_b,Bip_mon008 Spine1,,5,iwmon002_b,Bwp01,,,,,,,,,,,,15,1,94,1,,,1,ic_mon008_b,,,,
186,腐皮豺狼,0,1;1;1,1,mon009,,mon009_e,B01,,5,,,,,,,,,,,,,,15,2,106,1,,,1,ic_mon009_e,,,,
187,红头秃鹫,0,1;1;1,1,mon040_a,,,bip_mon040 Spine,,5,,,,,,,,,,,,,,15,2,80,1,,,1,ic_mon040_a,,,,
188,秃鹫首领,0,1.5;1.5;1.5,1,mon040_a,,,bip_mon040 Spine,,5,,,,,,,,,,,,,,15,2,80,1,,,1,ic_mon040_a,,,,
189,藤须怪,0,1;1;1,1,mon045,,,bmon045_20,,5,,,,,,,,,,,,,,15,2,80,1,,,1,ic_mon045,,,,
190,林掌黑熊,0,1;1;1,1,mon044,,,bip_mon044 Spine1,,5,,,,,,,,,,,,,,15,2,212,1,,,1,ic_mon044,,,,
191,西方野魔,0,1;1;1,1,boss014,,,bip_boss014 Spine,,5,iwboss014,Bwp01,,,,,,,,,,,,15,1,170,1,,,1,ic_boss014,,,,
192,雪地高粱酒,0,1;1;1,1,npc023,,,,,5,,,,,,,,,,,,,,15,1,,1,,,1,ic_npc023,,,,
193,远古雪人,0,1;1;1,1,mon047_a,,,bip_mon043 Spine,,5,,,,,,,,,,,,,,15,1,150,1,,,1,ic_mon047_a,,,,
194,石头人,0,1;1;1,1,mon047,,,bip_mon043 Spine,,5,,,,,,,,,,,,,,15,1,150,1,,,1,ic_mon047_b,,,,
195,雪豹,0,1;1;1,1,mon026,mon026_c,mon026_e,bip_mon026 Spine1,,5,,,,,,,,,,,,,,15,2,80,1,,,1,ic_mon026_e,,,,
196,雪鹰,0,1;1;1,1,mon040_a,mon040_b,,bip_mon040 Spine,,5,,,,,,,,,,,,,,15,2,80,1,,,1,ic_mon040_b,,,,
197,梵拿加音二,0,1;1;1,1,boss015,,,bip_boss015 Spine,,5,,,,,,,,,,,,,,15,1,105,1,,,1,ic_boss015,,,,
198,八姑,0,1;1;1,1,npc025,,,,,5,,,,,,,,,,,,,,15,1,80,1,,,1,ic_npc025,,,,
199,雪山巨人,0,1.3;1.3;1.3,1,mon047_a,,,bip_mon043 Spine,,5,,,,,,,,,,,,,,15,1,150,1,,,1,ic_mon047_a,,,,
200,八姑原神,0,1;1;1,0.4,npc025,,,,,5,,,,,,,,,,,,,,15,1,80,1,,,1,ic_npc025,,,,
201,流寇头领,0,1.2;1.2;1.2,1,mon015,mon015_h,,Bip_mon015,,5,iwmon015_h,Bwp01,,,,,,,,,,,,15,1,100,1,,,1,ic_mon015_h,,,,
202,布告栏,0,1;1;1,1,npc028,,,,,5,,,,,,,,,,,,,,15,1,80,1,,,0,ic_default_face,,,,
203,石碑,0,1;1;1,1,npc029,,,,,5,,,,,,,,,,,,,,15,1,80,`,,,0,ic_default_face,,,,
204,枯草堆,0,0.3;0.3;0.3,1,npc013,,,,,5,,,,,,,,,,,,,,15,1,80,1,,,1,ic_npc013,,,,
205,金猱首领,0,1.4;1.4;1.4,1,mon030,,mon030_b,Bip_mon030,,5,,,,,,,,,,,,,,15,2,89,1,,,1,ic_mon030_a,,,,
206,虎王,0,1.4;1.4;1.4,1,mon026,,mon026_b,bip_mon026 Spine1,,5,,,,,,,,,,,,,,15,2,80,1,,,1,ic_mon026_b,,,,
207,小洋葱,0,1;1;1,1,pet002,,,,,5,,,,,,,,,,,,,,15,1,60,1,,,1,ic_pet002,,,1,
208,灵芝仙,0,1;1;1,1,pet003,,,,,5,,,,,,,,,,,,,,15,1,60,1,,,1,ic_pet003,,,1,
209,小野骡,0,1;1;1,1,pet004,,,,,5,,,,,,,,,,,,,,15,1,60,1,,,1,ic_pet004,,,1,
210,金毛猿,0,1;1;1,1,pet005,,,,,5,,,,,,,,,,,,,,15,1,60,1,,,1,ic_pet005,,,1,
211,雨后春笋,0,1;1;1,1,npc032,,,,,5,,,,,,,,,,,,,,15,1,,1,,,1,ic_npc013,,,,
212,小穿山甲,0,0.6;0.6;0.6,1,mon037,,,bip_mon037 Spine1,,5,,,,,,,,,,,,,,15,2,75,1,,,1,ic_mon037,,,,
213,朱草,0,1;1;1,1,npc033,,,,,5,,,,,,,,,,,,,,15,,,,,,,,,,,
214,野蘑菇,0,1;1;1,1,npc034,,,,,5,,,,,,,,,,,,,,15,,,,,,,,,,,
215,丹参,0,1;1;1,1,npc035,,,,,5,,,,,,,,,,,,,,15,,,,,,,,,,,
216,夏枯草,0,1;1;1,1,npc036,,,,,5,,,,,,,,,,,,,,15,,,,,,,,,,,
217,朱果,0,1;1;1,1,npc037,,,,,5,,,,,,,,,,,,,,15,,,,,,,,,,,
218,荔枝草,0,1;1;1,1,npc038,,,,,5,,,,,,,,,,,,,,15,,,,,,,,,,,
219,北草乌,0,1;1;1,1,npc039,,,,,5,,,,,,,,,,,,,,15,,,,,,,,,,,
220,何首乌,0,1;1;1,1,npc040,,,,,5,,,,,,,,,,,,,,15,,,,,,,,,,,
221,金银花,0,1;1;1,1,npc041,,,,,5,,,,,,,,,,,,,,15,,,,,,,,,,,
222,罗汉果,0,1;1;1,1,npc042,,,,,5,,,,,,,,,,,,,,15,,,,,,,,,,,
223,毒芹 ,0,1;1;1,1,npc043,,,,,5,,,,,,,,,,,,,,15,,,,,,,,,,,
224,石吊兰,0,1;1;1,1,npc044,,,,,5,,,,,,,,,,,,,,15,,,,,,,,,,,
225,无花果,0,1;1;1,1,npc045,,,,,5,,,,,,,,,,,,,,15,,,,,,,,,,,
226,无根藤,0,1;1;1,1,npc046,,,,,5,,,,,,,,,,,,,,15,,,,,,,,,,,
227,百里香,0,1;1;1,1,npc047,,,,,5,,,,,,,,,,,,,,15,,,,,,,,,,,
228,橙红石,0,1;1;1,1,npc048,,,,,5,,,,,,,,,,,,,,15,,,,,,,,,,,
229,白云石 ,0,1;1;1,1,npc049,,,,,5,,,,,,,,,,,,,,15,,,,,,,,,,,
230,白榴石,0,1;1;1,1,npc050,,,,,5,,,,,,,,,,,,,,15,,,,,,,,,,,
231,叶蜡石,0,1;1;1,1,npc051,,,,,5,,,,,,,,,,,,,,15,,,,,,,,,,,
232,尖晶石,0,1;1;1,1,npc052,,,,,5,,,,,,,,,,,,,,15,,,,,,,,,,,
233,重晶石,0,1;1;1,1,npc053,,,,,5,,,,,,,,,,,,,,15,,,,,,,,,,,
234,水镁石,0,1;1;1,1,npc054,,,,,5,,,,,,,,,,,,,,15,,,,,,,,,,,
235,顽火石,0,1;1;1,1,npc055,,,,,5,,,,,,,,,,,,,,15,,,,,,,,,,,
236,铝榴石,0,1;1;1,1,npc056,,,,,5,,,,,,,,,,,,,,15,,,,,,,,,,,
237,碘银石,0,1;1;1,1,npc057,,,,,5,,,,,,,,,,,,,,15,,,,,,,,,,,
251,烈炎天网,0,1;1;1,1,eff_x_skill23_body,,,,,5,,,,,,,,,,,,,,15,1,0,1,,,1,ic_default_face,,,,
252,寒冰地网,0,1;1;1,1,eff_x_skill24_body,,,,,5,,,,,,,,,,,,,,15,1,0,1,,,1,ic_default_face,,,,
238,乌风草,0,1;1;1,1,npc043,,,,,5,,,,,,,,,,,,,,15,,,,,,,,,,,
239,黑石护卫,0,1;1;1,1,mon048,,,Bip01 Spine,,5,iwmon048,Bwp01,,,,,,,,,,,,15,1,85,1,,,1,ic_mon048,,,,
240,古藤木,0,1;1;1,1,shz_huzhuashanrukou,,,,,5,,,,,,,,,,,,,,15,1,0,1,,,1,ic_default_face,,,,
241,被污染的桃花妖,0,1;1;1,1,mon033,,mon033_b,bip_mon033 Spine,,5,,,,,,,,,,,,,,15,1,85,1,,,1,ic_mon033_b,,,,
242,猎户,0,1;1;1,1,npc005,,npc005_d,,,5,,,,,,,,,,,,,,15,1,,1,,,1,ic_npc005,,,,
,,,,,,,,,,,,,,,,,,,,,,,,,,,,,,,,,,,
501,金蝉,0,1;1;1,1,npc068,,,,,5,,,,,,,,,,,,,,15,1,,1,,,1,ic_npc068,,,,
503,妙一夫人,0,1;1;1,1,npc002,,npc002_c,,,5,,,,,,,,,,,,,,15,1,,1,,,1,ic_npc002_b,,,,
504,李英琼,0,1;1;1,1,npc011_c,,npc011_d,,,5,,,,,,,,,,,,,,15,1,,1,,,1,ic_npc011_c,,,,
505,袁星,0,1;1;1,1,mon064,,mon064_b,Bip01 Spine1,,5,,,,,,,,,,,,,,15,2,60,1,,,1,ic_mon064_b,,,,
506,清风,0,1;1;1,1,npc004,,,,,5,,,,,,,,,,,,,,15,1,,1,,,1,ic_npc004,,,,
507,明月,0,1;1;1,1,npc004,,,,,5,,,,,,,,,,,,,,15,1,,1,,,1,ic_npc004,,,,
508,峨眉男弟子,0,1;1;1,1,npc004,,,,,5,,,,,,,,,,,,,,15,1,,1,,,1,ic_npc004,,,,
509,峨眉女弟子,0,1;1;1,1,npc003_a,npc003_b,,,,5,,,,,,,,,,,,,,15,1,,1,,,1,ic_npc003_b,,,,
510,短尾猴,0,0.7;0.7;0.7,1,mon030,mon030_c,,Bip_mon030,,5,,,,,,,,,,,,,,15,2,89,1,,,1,ic_mon030_c,,,,
511,穿山甲,0,1;1;1,1,mon037,,,bip_mon037 Spine1,,5,,,,,,,,,,,,,,15,2,75,1,,,1,ic_mon037,,,,
512,肉芝,0,1.3;1.3;1.3,1,mon054,,mon054_a,Bip01 Spine1,,5,,,,,,,,,,,,,,15,1,100,1,,,1,ic_mon054_a,,,,
513,千年肉芝,0,1;1;1,1,mon054,,mon054_b,Bip01 Spine1,,5,,,,,,,,,,,,,,15,1,100,1,,,1,ic_mon054_b,,,,
514,石笋巨人,0,1.3;1.3;1.3,1,mon055,,,Bip01 Spine1,,5,,,,,,,,,,,,,,15,1,100,1,,,1,ic_mon055,,,,
,,,,,,,,,,,,,,,,,,,,,,,,,,,,,,,,,,,
601,小沙弥唯善,0,1.6;1.6;1.6,1,npc067,,,,,5,,,,,,,,,,,,,,20,1,,1,,,1,ic_npc067,,,,
602,小沙弥唯清,0,1;1;1,1,npc067,,npc067_b,,,5,,,,,,,,,,,,,,15,1,,1,,,1,ic_npc067,,,,
603,小沙弥唯明,0,1.6;1.6;1.6,1,npc067,,npc067_c,,,5,,,,,,,,,,,,,,20,1,,1,,,1,ic_npc067,,,,
604,楠树守卫,0,1;1;1,1,npc066,,,Bip_npc066 Spine,,5,,,,,,,,,,,,,,15,1,100,1,,,1,ic_npc066,,,,
605,千年楠树守卫,0,1.6;1.6;1.6,1,npc066,,,Bip_npc066 Spine,,5,,,,,,,,,,,,,,15,1,100,1,,,1,ic_npc066,,,,
606,老楠树,0,3.5;3.5;3.5,1,npc065,,,Bip_npc065 Spine,,5,,,,,,,,,,,,,,15,1,100,1,,,1,ic_npc065,,,,
607,佛奴,0,1.6;1.6;1.6,1,npc064,,,,,5,,,,,,,,,,,,,,20,1,106,1,,,1,ic_npc064,,,,
608,白雕,0,1;1;1,1,npc064_b,,,,,5,,,,,,,,,,,,,,15,1,106,1,,,1,ic_npc064b,,,,
610,小野猪,0,1;1;1,1,mon052,,,Bip01 Spine1,,5,,,,,,,,,,,,,,15,2,72,1,,,1,ic_mon052_a,,,,
611,野猪,0,1.3;1.3;1.3,1,mon052,,,Bip01 Spine1,,5,,,,,,,,,,,,,,15,2,72,1,,,1,ic_mon052_a,,,,
612,小山猿,0,0.7;0.7;0.7,1,mon064,,mon064_a,Bip01 Spine1,,5,,,,,,,,,,,,,,15,2,60,1,,,1,ic_mon064_a,,,,
613,山猿,0,1;1;1,1,mon064,,mon064_a,Bip01 Spine1,,5,,,,,,,,,,,,,,15,2,60,1,,,1,ic_mon064_a,,,,
614,小山狼,0,0.7;0.7;0.7,1,mon009,,mon009_b,B01,,5,,,,,,,,,,,,,,15,2,106,1,,,1,ic_mon009_b,,,,
615,小血精灵,0,1;1;1,1,mon053,,,bip_mon053 Spine1,,5,,,,,,,,,,,,,,15,1,108,1,,,1,ic_mon053_a,,,,
616,小血精灵,0,1;1;1,1,mon053,,,bip_mon053 Spine1,,5,,,,,,,,,,,,,,15,1,108,1,,,1,ic_mon053_a,,,,
617,小血精灵,0,1;1;1,1,mon053,,,bip_mon053 Spine1,,5,,,,,,,,,,,,,,15,1,108,1,,,1,ic_mon053_a,,,,
618,血精灵,0,1.2;1.2;1.2,1,mon053,,,bip_mon053 Spine1,,5,,,,,,,,,,,,,,15,1,108,1,,,1,ic_mon053_a,,,,
619,大血精灵,0,1.5;1.5;1.5,1,mon053_b,,,bip_mon053 Spine1,,5,,,,,,,,,,,,,,15,1,108,1,,,1,ic_mon053_b,,,,
621,巨型精灵,0,1.8;1.8;1.8,1,mon053_b,,,bip_mon053 Spine1,,5,,,,,,,,,,,,,,15,1,108,1,,,1,ic_mon053_b,,,,
622,野猪王,0,2.5;2.5;2.5,1,mon052,,,Bip01 Spine1,,5,,,,,,,,,,,,,,15,2,72,1,,,1,ic_mon052_a,,,,
,,,,,,,,,,,,,,,,,,,,,,,,,,,,,,,,,,,
702,野猿,0,1;1;1,1,mon064,,mon064_b,Bip01 Spine1,,5,,,,,,,,,,,,,,15,2,60,1,,,1,ic_mon064_b,,,,
703,巨型野猿,0,1.2;1.2;1.2,1,mon064,,mon064_b,Bip01 Spine1,,5,,,,,,,,,,,,,,15,2,60,1,,,1,ic_mon064_b,,,,
704,石头人,0,1;1;1,1,mon047,,,bip_mon043 Spine,,5,,,,,,,,,,,,,,15,1,150,1,,,1,ic_mon047_b,,,,
705,石精怪,0,1;1;1,1,mon047,,,bip_mon043 Spine,,5,,,,,,,,,,,,,,15,1,150,1,,,1,ic_mon047_b,,,,
,,,,,,,,,,,,,,,,,,,,,,,,,,,,,,,,,,,
801,周轻云,0,1;1;1,1,npc011_c,,npc011_e,,,5,,,,,,,,,,,,,,15,1,,1,,,1,ic_npc011_c,,,,
802,素因师太,0,1;1;1,1,npc002,,npc002_d,,,5,,,,,,,,,,,,,,15,1,,1,,,1,ic_npc002_b,,,,
804,吴文琪,0,1;1;1,1,npc011,,npc011_f,,,5,,,,,,,,,,,,,,15,1,,1,,,1,ic_npc011_b,,,,
805,小尼姑定闲,0,1;1;1,1,npc003_a,,,,,5,,,,,,,,,,,,,,15,1,,1,,,1,ic_npc003_a,,,,
806,小尼姑定慧,0,1;1;1,1,npc003_a,,npc003_c,,,5,,,,,,,,,,,,,,15,1,,1,,,1,ic_npc003_a,,,,
807,小尼姑定虚,0,1;1;1,1,npc003_a,,npc003_d,,,5,,,,,,,,,,,,,,15,1,,1,,,1,ic_npc003_a,,,,
808,百花男弟子,0,1;1;1,1,npc004,,,,,5,,,,,,,,,,,,,,15,1,,1,,,1,ic_npc004,,,,
809,百花女弟子,0,1;1;1,1,npc003_a,npc003_b,,,,5,,,,,,,,,,,,,,15,1,,1,,,1,ic_npc003_b,,,,
810,食花兽,0,1.25;1.25;1.25,1,mon056,,,Bip01 Spine1,,5,,,,,,,,,,,,,,15,1,72,1,,,1,ic_mon056,,,,
811,金莲花,0,1;1;1,1,mon057,,,,,5,,,,,,,,,,,,,,15,2,47,1,,,1,ic_mon057,,,,
812,雷公藤,0,1;1;1,1,mon058,,,bmon058_01,,5,,,,,,,,,,,,,,15,2,100,1,,,1,ic_mon058,,,,
813,水精灵,0,1;1;1,1,mon059,,,Bip_mon059 Spine,,5,,,,,,,,,,,,,,15,1,100,4,eff_mon059_die,,1,ic_mon059,,,,
814,小灵花仙,0,1;1;1,1,mon060,,,Bip01 Spine1,,5,,,,,,,,,,,,,,15,1,100,1,,,1,ic_mon060,,,,
815,水精将,0,1.5;1.5;1.5,1,mon059,,,Bip_mon059 Spine,,5,,,,,,,,,,,,,,15,1,100,4,eff_mon059_die,,1,ic_mon059,,,,
816,大食花兽,0,1.5;1.5;1.5,1,mon056,,,Bip01 Spine1,,5,,,,,,,,,,,,,,15,1,72,1,,,1,ic_mon056,,,,
817,大雷公藤,0,1.3;1.3;1.3,1,mon058,,,bmon058_01,,5,,,,,,,,,,,,,,15,2,100,1,,,1,ic_mon058,,,,
818,血魔残魂,0,1.3;1.3;1.3,1,mon060,,,Bip01 Spine1,,5,,,,,,,,,,,,,,15,1,100,1,,,1,ic_mon060,,,,
819,鲨鱼,0,1;1;1,1,sxfb002_npcgy001,,,,,5,,,,,,,,,,,,,,15,1,80,1,,,1,,,,,
,,,,,,,,,,,,,,,,,,,,,,,,,,,,,,,,,,,
901,百禽道人公冶黄,0,1;1;1,1,npc069,,,,,5,,,,,,,,,,,,,,15,1,,1,,,1,ic_npc069,,,,
902,白鹦鹉,0,1;1;1,1,npc070,,npc070_a,,,5,,,,,,,,,,,,,,15,1,106,1,,,1,ic_npc070,,,,
903,鲁孝,0,1;1;1,1,npc071,,,,,5,,,,,,,,,,,,,,15,1,,1,,,1,ic_npc071,,,,
904,鲁勿恶,0,1;1;1,1,npc071_b,,,,,5,,,,,,,,,,,,,,15,1,,1,,,1,ic_npc071_b,,,,
905,无名,0,1;1;1,1,npc072,,,,,5,,,,,,,,,,,,,,15,1,150,1,,,1,ic_npc072,,,,
906,丑仙人鲁瑾,0,1;1;1,1,npc073,,,,,5,iwmon027_a,Bwp01,,,,,,,,,,,,15,1,80,1,,,1,ic_npc073,,,,
907,修炼者牛二,0,1;1;1,1,npc074,,,,,5,,,,,,,,,,,,,,15,1,,1,,,1,ic_npc074,,,,
908,小变形狗,0,1;1;1,1,npc075,,,,,5,,,,,,,,,,,,,,15,1,284,1,,,1,ic_npc075,,,,
909,小木人,0,1;1;1,1,npc076,,,,,5,,,,,,,,,,,,,,15,1,66,1,,,1,ic_npc076,,,,
910,小飞仙,0,1;1;1,1,npc077,,,,,5,,,,,,,,,,,,,,15,2,80,1,,,1,ic_npc077,,,,
911,鹦鹉,0,1;1;1,1,npc070,,npc070_b,,,5,,,,,,,,,,,,,,15,2,80,1,,,1,ic_npc070b,,,,
912,小树灵,0,1;1;1,1,mon065,,,Box01,,5,,,,,,,eff_mon065_wait,Box01,,,,,,15,1,100,1,,,1,ic_mon065_a,,,,
913,异化狼人,0,1;1;1,1,mon066,,,bip_mon066 Spine1,,5,,,,,,,,,,,,,,15,2,56,1,,,1,ic_mon009_e,,,,
914,五台魂魄,0,1;1;1,1,mon065_b,,,Box01,,5,,,,,,,eff_mon065b_wait,Box01,,,,,,15,1,100,1,,,1,ic_mon065_b,,,,
915,苗疆魂魄,0,1;1;1,1,mon065_c,,,Box01,,5,,,,,,,eff_mon065c_wait,Box01,,,,,,15,1,100,1,,,1,ic_mon065_c,,,,
916,大树灵,0,2;2;2,1,mon065_d,,,Box01,,5,,,,,,,eff_mon065d_wait,Box01,,,,,,15,1,100,1,,,1,ic_mon065_d,,,,
,,,,,,,,,,,,,,,,,,,,,,,,,,,,,,,,,,,
2901,封印塔,0,1.2;1.2;1.2,1,szc01_jiguan001,,,Box03,,5,,,,,,,,,,,,,,15,2,80,1,,,1,ic_jiguan,,,,
2902,水晶塔,0,1;1;1,1,szc01_jiguan001,,,Box03,,5,,,,,,,,,,,,,,15,2,80,4,szc01_jiguan001_die,,1,ic_jiguan,,,,
2903,攻城令旗,0,1.5;1.5;1.5,1,npc078,,,Box03,,5,,,,,,,,,,,,,,15,1,80,1,,,1,ic_npc078,,,,
2904,攻城管理员,0,1;1;1,1,npc004,,,,,5,,,,,,,,,,,,,,15,1,,1,,,1,ic_npc004,,,,
2905,城门,0,1;1;1,1,szc01_chengmen001,,,Bone02,,5,,,,,,,,,,,,,,15,2,80,4,szc01_chengmen_die,,1,ic_chengmen,,,,
,,,,,,,,,,,,,,,,,,,,,,,,,,,,,,,,,,,
2910,血神护卫,0,1;1;1,1,mon061,,,Bip01 Spine,,5,,,,,,,eff_mon061_wait,,,,,,,15,2,80,1,,,1,ic_mon061,,,,
2911,冰川银狐,0,1;1;1,1,mon062,,,Bip_mon009 Spine1,,5,,,,,,,,,,,,,,15,2,88,1,,,1,ic_mon062,,,,
2912,血神近侍,0,1.5;1.5;1.5,1,mon063,,,Bip01 Spine,,5,,,,,,,,,,,,,,15,2,80,1,,,1,ic_mon063,,,,
2913,血神将,0,4;4;4,1,boss031,,,Bip01 Spine,,5,,,,,,,,,,,,,,20,2,80,1,,,1,ic_boss031,,,,
,,,,,,,,,,,,,,,,,,,,,,,,,,,,,,,,,,,
4301,霜魂,0,1;1;1,1,mon005_a,,,Bmon005_22,,5,,,,,,,,,,,,,,15,1,48,1,,,1,ic_mon005_a,,,,
4302,幽灵鬼爪,0,1;1;1,1,mon006,mon006_e,,Bip01,,5,,,,,,,,,,,,,,15,1,80,4,eff_mon006e_die,,1,ic_mon006_e,,,,
4303,深渊魔兵,0,1;1;1,1,mon027_a,mon027_a,,Bip_mon027 Spine,,5,iwmon027_a,Bwp01,,,,,,,,,,,,15,1,105,3,,,1,ic_mon027_a1,,,,
4304,冰霜雪人,0,0.7;0.7;0.7,1,mon047_a,,,bip_mon043 Spine,,5,,,,,,,,,,,,,,15,1,150,3,,,1,ic_mon047_c,,,,
4305,怒吼雪人,0,1;1;1,1,mon047_a,mon047_d,,bip_mon043 Spine,,5,,,,,,,,,,,,,,15,1,150,3,,,1,ic_mon047_d,,,,
4306,魔化雪怪,0,1;1;1,1,mon047_a,mon047_e,,bip_mon043 Spine,,5,,,,,,,,,,,,,,15,1,150,3,,,1,ic_mon047_e,,,,
4307,冰坚战士,0,1;1;1,1,mon047_a,mon047_f,,bip_mon043 Spine,,5,,,,,,,,,,,,,,15,1,150,3,,,1,ic_mon047_f,,,,
4308,冰晶战士,0,1;1;1,1,mon047_a,mon047_g,,bip_mon043 Spine,,5,,,,,,,,,,,,,,15,1,150,3,,,1,ic_mon047_g,,,,
4309,寒雪巨人,0,1;1;1,1,mon047_a,mon047_h,,bip_mon043 Spine,,5,,,,,,,,,,,,,,15,1,150,3,,,1,ic_mon047_h,,,,
4310,烈焱守卫,0,1;1;1,1,mon047_i,,,bip_mon043 Spine,,5,,,,,,,,,,,,,,15,1,150,1,,,1,ic_mon047_i,,,,
4311,青螺山巡逻者,0,1;1;1,1,mon048,,,Bip01 Spine,,5,iwmon048,Bwp01,,,,,,,,,,,,15,1,125,1,,,1,ic_mon048,,,,
4312,青螺山魔兵,0,1;1;1,1,mon048_a,,,Bip01 Spine,,5,,,,,,,,,,,,,,15,1,125,1,,,1,ic_mon048_a,,,,
4313,青螺山妖人,0,1;1;1,1,mon048_b,,,Bip01 Spine,,5,iwmon048_b,Bwp01,,iwmon048_b,Bwp02,,,,,,,,,15,1,125,1,,,1,ic_mon048_b,,,,
4314,青螺山幻魔者,0,1;1;1,0.6,mon048_b,,mon048_c,Bip01 Spine,,5,iwmon048_c,Bwp01,,iwmon048_c,Bwp02,,,,,,,,,15,1,125,1,,,1,ic_mon048_c,,,,
4315,青螺山割喉者,0,1;1;1,1,mon048_d,,,Bip01 Spine,,5,iwmon048_d,Bwp01,,,,,,,,,,,,15,1,125,1,,,1,ic_mon048_d,,,,
4316,青螺山守望者,0,1;1;1,1,mon048_e,,,Bip01 Spine,,5,iwmon048_e,Bwp02,,,,,,,,,,,,15,1,125,1,,,1,ic_mon048_e,,,,
4317,魔化水怪,0,1;1;1,1,mon049,,,Bone02,,5,,,,,,,,,,,,,,15,2,80,2,,,1,ic_mon049,,,,
4318,魔化泥怪,0,1;1;1,1,mon049,,mon049_a,Bone02,,5,,,,,,,,,,,,,,15,2,80,2,,,1,ic_mon049_a,,,,
4319,巨型蜘蛛,0,1;1;1,1,mon050,,,Bmon050_00,,5,,,,,,,,,,,,,,15,2,160,2,,,1,ic_mon050,,,,
4320,巨型蝙蝠,0,1;1;1,1,mon043,,,Bip01 Spine1,,5,,,,,,,,,,,,,,15,1,60,1,,,1,ic_mon043,,,,
4321,魔宫督卫,0,1;1;1,1,mon051_a,,,Bip01 Spine,,5,iwmon051_a,Bwp01,,,,,,,,,,,,15,1,162,1,,,1,ic_mon051_a,,,,
4322,魔宫侍卫,0,1;1;1,1,mon051_b,,,Bip01 Spine,,5,iwmon051_b,bwp01,,,,,,,,,,,,15,1,162,1,,,1,ic_mon051_b,,,,
4323,魔宫大魔头黄萧,0,1;1;1,1,boss016,,,bip_boss016 Spine1,,5,iwboss016,Bwp01,,,,,,,,,,,,15,1,198,4,eff_boss016_die,,1,ic_boss016,,,,
4324,魔宫四魔伊红樱,0,1;1;1,1,boss017,,,bip_boss017 Spine,,5,,,,,,,,,,,,,,15,1,30,4,eff_boss017_die,,1,ic_boss017,,,,
4325,魔宫五魔公孙武,0,1;1;1,1,boss018,,,Bip01 Spine,,5,,,,,,,,,,,,,,15,1,198,1,,,1,ic_boss018,,,,
4326,魔宫八魔邱舟令,0,1;1;1,1,boss019,,,Bip01 Spine,,5,,,,,,,,,,,,,,15,1,70,1,,,1,ic_boss019,,,,
4327,古墓,0,1;1;1,1,npc029,,,,,5,,,,,,,,,,,,,,15,1,70,1,,,1,ic_npc029,,,,
4328,魔宫大魔头黄萧,0,1;1;1,1,boss016_s1,,,bip_boss016 Spine1,,5,iwboss016,Bwp01,,,,,,,,,,,,15,1,198,4,eff_boss016_die,,1,ic_boss016,,,,
4329,魔宫大魔头黄萧,0,1;1;1,1,boss016_s2,,,bip_boss016 Spine1,,5,iwboss016,Bwp01,,,,,,,,,,,,15,1,198,4,eff_boss016_die,,1,ic_boss016,,,,
4330,骷髅使者,0,1;1;1,1,npc092,,,,,5,,,,,,,,,,,,,,15,1,70,1,,,1,ic_mon005_a,,,,
4331,熔炉,0,1;1;1,1,npc087,,,,,5,,,,,,,,,,,,,,15,1,70,1,,,1,ic_npc029,,,,
4332,铁门,0,1;1;1,1,npc088_die,,,,,5,,,,,,,,,,,,,,15,1,70,1,,,1,ic_chengmen,,,,
4333,监狱大门,0,1;1;1,1,npc089_die,,,,,5,,,,,,,,,,,,,,15,1,70,1,,,1,ic_chengmen,,,,
4334,冰门,0,0.75;0.75;0.75,1,npc090_die,,,,,5,,,,,,,,,,,,,,15,1,70,1,,,1,ic_chengmen,,,,
4335,冰凌柜,0,8;8;8,1,npc091,,,,,5,,,,,,,,,,,,,,15,1,70,1,,,1,ic_default_face,,,,
4336,仙界灵石,0,1;1;1,1,npc085_b,,,,,5,,,,,,,,,,,,,,15,1,70,1,,,1,ic_npc085_b,,,,
4337,佛门弟子,0,1;1;1,1,npc061_f,,,,,5,,,,,,,,,,,,,,15,1,70,1,,,1,ic_npc061_f,,,,
4338,百花弟子,0,1;1;1,1,npc062_b,,,,,5,,,,,,,,,,,,,,15,1,70,1,,,1,ic_npc062_b,,,,
4386,马来西亚国旗,0,1;1;1,1,npc094,,,Box03,,5,,,,,,,,,,,,,,15,1,80,1,,,1,ic_npc078,,,,
244,小白虎,0,1;1;1,1,ride004,,,,,5,,,,,,,,,,,,,,15,1,157,1,,,1,ic_mon026_b,,,,
4387,青翼蝙蝠,0,1;1;1,1,mon043,,mon043_b,Bip01 Spine1,,5,,,,,,,,,,,,,,15,1,60,1,,,1,ic_mon043_b,,,,
4388,梅花精,0,1.5;1.5;1.5,1,mon067,,,Bmon067_01,,5,,,,,,,,,,,,,,15,1,80,1,,,1,ic_mon067,,,,
4389,僵尸,0,1.4;1.4;1.4,1,mon068,,,Bip01 Spine,,5,,,,,,,,,,,,,,15,1,60,1,,,1,ic_mon068,,,,
4390,绿毛僵尸,0,1.3;1.3;1.3,1,mon070,,,Bip01 Spine,,5,,,,,,,,,,,,,,15,1,100,1,,,1,ic_mon070,,,,
4391,翠鸟,0,1;1;1,1,mon071,,,Bip01 Spine,,5,,,,,,,,,,,,,,15,1,80,1,,,1,ic_mon071,,,,
4392,飞天夜叉,0,2.5;2.5;2.5,1,mon072,,,Bip01 Pelvis,,5,,,,,,,,,,,,,,15,1,100,1,,,1,ic_mon072,,,,
4393,变异黑马熊,0,1.25;1.25;1.25,1,mon073,,,Bip01 Spine,,5,,,,,,,,,,,,,,15,1,108,1,,,1,ic_mon073,,,,
4394,失魂黑马熊,0,1.25;1.25;1.25,1,mon073,,mon073_b,Bip01 Spine,,5,,,,,,,,,,,,,,15,1,108,1,,,1,ic_mon073_b,,,,
4395,黑马熊巡逻者,0,1.25;1.25;1.25,1,mon073,,mon073_c,Bip01 Spine,,5,,,,,,,,,,,,,,15,1,108,1,,,1,ic_mon073_c,,,,
4396,黑马熊守卫,0,1.3;1.3;1.3,1,mon074,,,Bip01 Spine,,5,,,,,,,,,,,,,,15,1,108,1,,,1,ic_mon074,,,,
4397,马熊统领,0,1.5;1.5;1.5,1,mon074_b,,,Bip01 Spine,,5,,,,,,,,,,,,,,15,1,108,1,,,1,ic_mon074_b,,,,
4398,山魈前锋,0,1.3;1.3;1.3,1,mon075,,,Bip_mon075 Spine,,5,,,,,,,,,,,,,,15,1,100,1,,,1,ic_mon075,,,,
4399,山魈战士,0,1.4;1.4;1.4,1,mon075_b,,,Bip_mon075 Spine,,5,,,,,,,,,,,,,,15,1,100,1,,,1,ic_mon075_b,,,,
4400,山魈道士,0,1.2;1.2;1.2,1,mon076,,,Bip_mon076 Spine,,5,,,,,,,,,,,,,,15,1,100,1,,,1,ic_mon076,,,,
4401,魅脸山魈,0,1.2;1.2;1.2,1,mon076_b,,,Bip_mon076 Spine,,5,,,,,,,,,,,,,,15,1,100,1,,,1,ic_mon076_b,,,,
4402,奇石守卫,0,1.5;1.5;1.5,1,mon077,,,Bip01 Spine,,5,,,,,,,,,,,,,,15,1,45,4,eff_mon077_die,,1,ic_mon077,,,,
4403,奇石突击者,0,1;1;1,1,mon077_b,,,Bip01 Spine,,5,,,,,,,,,,,,,,15,1,110,4,eff_mon077_b_die,,1,ic_mon077_b,,,,
4404,三影神君,0,1.2;1.2;1.2,1,mon078,,,Bip01 Spine,,5,,,,,,,,,,,,,,15,1,113,1,,,1,ic_mon078,,,,
4405,火扇子伊节,0,1;1;1,1,mon079,,,Bip01 Spine,,5,,,,,,,,,,,,,,15,1,84,1,,,1,ic_mon079,,,,
4406,小木魃,0,1;1;1,1,mon080,,,Bip01 Spine,,5,,,,,,,,,,,,,,15,1,180,1,,,1,ic_mon080,,,,
4407,木魃,0,1.2;1.2;1.2,1,mon080,,mon080_b,Bip01 Spine,,5,,,,,,,,,,,,,,15,1,180,1,,,1,ic_mon080_b,,,,
4408,木魃统领,0,1.4;1.4;1.4,1,mon080_c,,,Bip01 Spine,,5,iwmon080_c,Bwp01,,,,,,,,,,,,15,1,180,1,,,1,ic_mon080_c,,,,
4409,木魃妖兽,0,1.4;1.4;1.4,1,mon081,,,Bip01 Spine1,,5,,,,,,,,,,,,,,15,1,150,1,,,1,ic_mon081,,,,
4410,赤尸神君,0,1.4;1.4;1.4,1,mon082,,,Bip01,,5,,,,,,,,,,,,,,15,1,125,1,,,1,ic_mon082,,,,
4411,棺材,0,1;1;1,1,npc_078,,,,,5,,,,,,,,,,,,,,15,1,80,1,,,1,ic_npc_078,,,,
4412,马熊村民,0,1;1;1,1,npc079,,,,,5,,,,,,,,,,,,,,15,1,80,1,,,1,ic_npc079,,,,
4413,马熊村民,0,1;1;1,1,npc079_b,,,,,5,,,,,,,,,,,,,,15,1,80,1,,,1,ic_npc079_b,,,,
4414,马熊村民,0,1;1;1,1,npc079_c,,,,,5,,,,,,,,,,,,,,15,1,80,1,,,1,ic_npc079_c,,,,
4415,马熊村民,0,1;1;1,1,npc079_d,,,,,5,,,,,,,,,,,,,,15,1,80,1,,,1,ic_npc079_d,,,,
4416,马熊村长,0,1;1;1,1,npc079_e,,,,,5,,,,,,,,,,,,,,15,1,80,1,,,1,ic_npc079_e,,,,
4417,马熊村的老者,0,1;1;1,1,npc_080,,,,,5,,,,,,,,,,,,,,15,1,80,1,,,1,ic_npc_080,,,,
4418,昆仑派飞来峰铁道人,0,1;1;1,1,npc081,,,,,5,,,,,,,,,,,,,,15,1,80,1,,,1,ic_npc081,,,,
4419,绿色土壤,0,1;1;1,1,npc082,,,,,5,,,,,,,,,,,,,,15,1,80,1,,,1,ic_npc082,,,,
4420,妙一夫人,0,1;1;1,1,npc083,,,,,5,,,,,,,,,,,,,,15,1,80,1,,,1,ic_npc083,,,,
4421,武当剑仙-灵灵子,0,1;1;1,1,npc084,,,,,5,,,,,,,,,,,,,,15,1,80,1,,,1,ic_npc084,,,,
4422,石头1,0,1;1;1,1,npc085,,,,,5,,,,,,,,,,,,,,15,1,80,1,,,1,ic_npc085,,,,
4423,石头2,0,1;1;1,1,npc085_b,,,,,5,,,,,,,,,,,,,,15,1,80,1,,,1,ic_npc085_b,,,,
4424,石头3,0,1;1;1,1,npc086,,,,,5,,,,,,,,,,,,,,15,1,80,1,,,1,ic_npc086,,,,
4425,石头4,0,1;1;1,1,npc086_b,,,,,5,,,,,,,,,,,,,,15,1,80,1,,,1,ic_npc086_b,,,,
4426,幼年猛虎,0,0.8;0.8;0.8,1,mon026,,mon026_b,bip_mon026 Spine1,,5,,,,,,,,,,,,,,15,2,80,1,,,1,ic_mon026_b,,,,
4427,成年猛虎,0,1;1;1,1,mon026,,mon026_b,bip_mon026 Spine1,,5,,,,,,,,,,,,,,15,2,80,1,,,1,ic_mon026_b,,,,
4428,白额猛虎,0,1.5;1.5;1.5,1,mon026,,mon026_a,bip_mon026 Spine1,,5,,,,,,,,,,,,,,15,2,80,1,,,1,ic_mon026_a,,,,
4429,火蛇,0,1;1;1,1,mon001,mon001_a,mon001_a1,Bone06,,5,,,,,,,,,,,,,,15,2,80,1,,,1,ic_mon001_a1,,,,
4430,双头火蛇,0,1;1;1,1,mon018,,,Bmon018_cat00,,5,,,,,,,,,,,,,,15,2,80,1,,,1,ic_mon018,,,,
4431,赤身女鬼,0,1;1;1,1,mon016,,mon016_d,bip_mon016,,5,iwmon016_c,Bwp01,,iwmon016_c,Bwp02,,,,,,,,,15,1,100,1,,,1,ic_mon016_d,,,,
4432,赤身女魔,0,1;1;1,1,mon016,,mon016_e,bip_mon016,,5,iwmon016_c,Bwp01,,iwmon016_c,Bwp02,,,,,,,,,15,1,100,1,,,1,ic_mon016_e,,,,
4433,绿树鬼灵,0,1.3;1.3;1.3,1,mon065,,,Box01,,5,,,,,,,eff_mon065_wait,Box01,,,,,,15,1,100,1,,,1,ic_mon065_a,,,,
4434,污毒蜘蛛,0,1;1;1,1,mon050,,,Bmon050_00,,5,,,,,,,,,,,,,,15,2,160,2,,,1,ic_mon050,,,,
4448,中秋灯笼1,0,1.8;1.8;1.8,1,npc096,,,,,5,,,,,,,,,,,,,,15,1,80,1,,,1,ic_default_face,,,,
4449,中秋灯笼2,0,1.8;1.8;1.8,1,npc097,,,,,5,,,,,,,,,,,,,,15,1,80,1,,,1,ic_default_face,,,,
4452,柚子,0,1.4;1.4;1.4,1,npc098,,,,,5,,,,,,,,,,,,,,15,1,80,1,,,1,ic_default_face,,,,
4453,老人家,0,1;1;1,1,npc010,,,,,5,,,,,,,,,,,,,,15,1,80,1,,,1,ic_npc010,,,,
4460,水蛭,0,1.2;1.2;1.2,1,mon083,,,Bcat_mon083 00,,5,,,,,,,,,,,,,,15,2,80,1,,,,ic_mon083,,,,
439,黄金哈士奇,0,1;1;1,1,pet006,,pet006_a,,,5,eff_pet006_waiting,root,,,,,,,,,,,,15,1,60,1,,,1,ic_pet006,,,1,
440,雪橇哈士奇,0,1;1;1,1,pet006,,pet006_b,,,5,eff_pet006_waiting,root,,,,,,,,,,,,15,1,60,1,,,1,ic_pet006b,,,1,
441,银光犀鸟,0,1;1;1,1,pet007,,pet007_a,,,5,,,,,,,,,,,,,,15,1,60,1,,,1,ic_pet007b,,,1,
442,热带犀鸟,0,1;1;1,1,pet007,,pet007_b,,,5,,,,,,,,,,,,,,15,1,60,1,,,1,ic_pet007,,,1,
4461,千年水蛭,0,3.5;3.5;3.5,1,boss024,,,Bcat_boss024 19,,5,,,,,,,,,,,,,,10,1,30,1,,,1,ic_boss024,,,,
4462,自爆水蛭,0,1.2;1.2;1.2,1,mon083,,,Bcat_mon083 00,,5,,,,,,,,,,,,,,15,2,80,4,eff_mon083_bomb,,1,ic_mon083,,,,
4463,恐怖蜘蛛卵,0,1.4;1.4;1.4,1,mon085,,,,,5,,,,,,,,,,,,,,15,1,0,1,,,1,ic_mon085,,,,
4464,成都东门,,1.4;1.4;1.4,1,npc_door,,,,,5,,,,,,,,,,,,,,15,1,0,1,,,1,ic_default_face,,,,
4465,血神矿石,,3;3;3,1,sx02_hgks004,,,,,5,,,,,,,,,,,,,,15,1,0,1,,,1,ic_default_face,,,,
4466,滇西毒龙尊者,0,2.5;2.5;2.5,1,boss026,,,Bip01 Spine,,5,,,,,,,,,,,,,,10,1,100,1,,,1,ic_boss026,,,,
4467,滇西巫医,0,1.5;1.5;1.5,1,mon084,,,Bip01,,5,,,,,,,,,,,,,,20,1,80,1,,,1,ic_mon084,,,,
4468,鬼道人乔瘦滕,0,3.3;3.3;3.3,1,boss027a,,,Bip_boss027 Spine1,,5,,,,,,,,,,,,,,10,1,80,1,,,1,ic_boss027_b,,,,
4469,鬼兽乔瘦滕,0,3.3;3.3;3.3,1,boss027b,,,Bip_boss027b Neck,,5,,,,,,,,,,,,,,10,1,80,4,eff_boss027b_die,,1,ic_boss027_a,,,,
4470,烈火老祖,0,2.2;2.2;2.2,1,boss028a,,,Bip01 Spine,,5,,,,,,,,,,,,,,10,1,80,1,,,1,ic_boss028,,,,
4471,烈火老祖,0,2.2;2.2;2.2,1,boss028b,,,Bip_horse Neck,,5,,,,,,,,,,,,,,10,1,170,1,,,1,ic_boss028,,,,
4472,祭坛神石,0,1;1;1,1,npc_csfb005a,,,,,5,,,,,,,,,,,,,,15,1,70,1,,,1,,,,,
4473,邮包,0,1.4;1.4;1.4,1,postbag,,,,,5,,,,,,,,,,,,,,15,1,80,1,,,1,ic_default_face,,,,
4474,烈火老祖火球,0,1;1;1,1,eff_fire_port,,,,,5,,,,,,,,,,,,,,15,1,0,1,,,1,ic_default_face,,,,
4475,鬼道人乔瘦滕,0,3.3;3.3;3.3,1,eff_boss027a_die,,,Bip_boss027 Spine1,,5,,,,,,,,,,,,,,15,1,80,1,,,1,ic_boss027_a,,,,
650,峨嵋NPC,0,1;1;1,1,pe,,,Bip_pe01,,0,iwea07_02,,,,,,,,fpe01,ape01,bpe07_02,hpe07_02,lpe07_02,15,1,80,1,,,1,ic_pe005,,,1,
651,佛门NPC,0,1;1;1,1,pf,,,Bip01,,1,iwfa07_02,Blink_wp,Blink_bk,,,,,,fpf01,apf01,bpf07_02,hpf07_02,lpf07_02,15,1,100,1,,,1,ic_pf005,,,1,
652,百花NPC,0,1;1;1,1,pb,,,Bip_pb01,,3,iwbb07_02,,,,,,,,fpb01,apb01,bpb07_02,hpb07_02,lpb07_02,15,1,80,1,,,1,ic_bp005,,,1,
653,青城NPC,0,1;1;1,1,pq,,,Bip_pq,,2,iwqa07_02,Blink_wp_L,Blink_LG_L,iwqa07_02,Blink_wp_R,Blink_LG_R,,,fpq01,apq01,bpq07_02,hpq07_02,lpq07_02,15,1,86,1,,,1,ic_pq005,,,1,
654,仙禽NPC,0,1;1;1,1,px,,,Bip_px Spine,,4,iwxa07_02,Blink_wp,Blink_bk01,,,,,,fpx01,apx01,bpx07_02,hpx07_02,lpx07_02,15,1,80,1,,,1,ic_px005,,,1,
4518,圣诞雪人,0,1.2;1.2;1.2,1,npc111,,,,,5,,,,,,,,,,,,,,15,1,80,1,,,1,iceman,,,,
4519,圣诞树,0,1.2;1.2;1.2,1,npc112,,,,,5,,,,,,,,,,,,,,15,1,80,1,,,1,ic_default_face,,,,
4520,圣诞老人,0,1;1;1,1,npc101,,,,,5,,,,,,,,,,,,,,15,1,80,1,,,1,ic_npc101,,,,
4523,圣诞雪人,0,0.6;0.6;0.6,1,npc111,,,,,5,,,,,,,,,,,,,,15,1,80,1,,,1,iceman,,,,
4524,圣诞孢子,0,1;1;1,1,mon011,,mon011_b,Bmon011_00,,5,,,,,,,,,,,,,,15,2,47,1,,,1,ic_mon011_b,,,,
4525,空模型,0,1;1;1,0.01,mon001,mon001_a,,Bone06,,5,,,,,,,,,,,,,,15,2,80,1,,,1,ic_mon002,,,,
4539,蛇匪头目,0,2;2;2,1,mon002,,,Bonecat28,,5,iwmon002_c,Bwp01,,,,,,,,,,,,15,2,80,1,,,1,ic_mon002_c,,,,
4540,流寇,0,2;2;2,1,mon015,mon015_h,mon015_g,Bip_mon015,,5,iwmon015_i,Bwp01,,,,,,,,,,,,15,1,100,1,,,1,ic_mon015_g,,,,
4541,纨挎子弟,0,2;2;2,1,mon007,,,Bip_mon007,,5,,,,,,,,,,,,,,15,1,75,1,,,1,ic_mon007,,,,
4542,采花贼,0,2;2;2,1,mon015,mon015_b,,Bip_mon015,,5,iwmon015_i,Bwp01,,,,,,,,,,,,15,1,100,1,,,1,ic_mon015_b,,,,
4543,四金钢,0,2;2;2,1,mon008,,mon008_b,Bip_mon008 Spine1,,5,iwmon002_b,Bwp01,,,,,,,,,,,,15,1,94,1,,,1,ic_mon008_b,,,,
4544,机关人,0,2;2;2,1,mon034,,,Bip_mon034 Spine,,5,,,,,,,,,,,,,,15,1,66,1,,,1,ic_mon034,,,,
4545,林掌黑熊,0,2;2;2,1,mon044,,,bip_mon044 Spine1,,5,,,,,,,,,,,,,,15,2,212,1,,,1,ic_mon044,,,,
4546,马贼精锐,0,2;2;2,1,mon015,mon015_i,,Bip_mon015,,5,iwmon015_i,Bwp01,,,,,,,,,,,,15,1,100,1,,,1,ic_mon015_i,,,,
4547,青螺山幻魔者,0,2;2;2,0.6,mon048_b,,mon048_c,Bip01 Spine,,5,iwmon048_c,Bwp01,,iwmon048_c,Bwp02,,,,,,,,,15,1,125,1,,,1,ic_mon048_c,,,,
4548,山魈战士,0,2.4;2.4;2.4,1,mon075_b,,,Bip_mon075 Spine,,5,,,,,,,,,,,,,,15,1,100,1,,,1,ic_mon075_b,,,,
4549,绿树鬼灵,0,2.4;2.4;2.4,1,mon065,,,Box01,,5,,,,,,,eff_mon065_wait,Box01,,,,,,15,1,100,1,,,1,ic_mon065_a,,,,
4550,天元鼎,0,1;1;1,1,npc_tyd001,,,,,5,,,,,,,,,,,,,,15,1,80,1,,,1,ic_default_face,,,,
4551,生命之树,0,1;1;1,1,snpc_treSen,,,,,5,,,,,,,,,,,,,,15,1,80,1,,,1,ic_default_face,,,,
4552,剑仙台,0,1;1;1,1,snpc_jiant001,,,,,5,,,,,,,,,,,,,,15,1,80,1,,,1,ic_default_face,,,,
4553,太虚洞,0,1;1;1,1,snpc_dk001,,,,,5,,,,,,,,,,,,,,15,1,80,1,,,1,ic_default_face,,,,
4554,仙灵阁,0,1;1;1,1,snpc_lyg001,,,,,5,,,,,,,,,,,,,,15,1,80,1,,,1,ic_default_face,,,,
4555,魔宫探察者,0,1.2;1.2;1.2,1,mon086,,,Bip01 Spine,,5,,,,,,,,,,,,,,15,1,131,1,,,1,ic_mon086,,,,
4556,荆棘兽,0,1.2;1.2;1.2,1,mon087,,,bip_mon037 Spine1,,5,,,,,,,,,,,,,,15,1,75,1,,,1,ic_mon087,,,,
4557,地灵兽,0,1.35;1.35;1.35,1,mon088,,,Bip01 Spine1,,5,,,,,,,,,,,,,,15,1,40,1,,,1,ic_mon088,,,,
4558,徐岳,0,1.4;1.4;1.4,1,mon089,,,Bip01 Spine,,5,,,,,,,,,,,,,,15,1,34,1,,,1,ic_mon089,,,,
4559,恶乞丐,0,1.2;1.2;1.2,1,mon090,,,Bip01 Spine,,5,,,,,,,,,,,,,,15,1,112,1,,,1,ic_mon090,,,,
4560,湘江渔夫,0,1.2;1.2;1.2,1,mon091,,,Bip01 Spine,,5,,,,,,,,,,,,,,15,1,108,1,,,1,ic_mon091,,,,
4561,地痞,0,1.1;1.1;1.1,1,mon092,,,Bip01 Spine,,5,,,,,,,,,,,,,,15,1,119,1,,,1,ic_mon092,,,,
4562,豪奴,0,1.1;1.1;1.1,1,mon093_a,,,Bip01 Spine,,5,,,,,,,,,,,,,,15,1,100,1,,,1,ic_mon093_a,,,,
4563,陈家村兵,0,1.1;1.1;1.1,1,mon093_b,,,Bip01 Spine,,5,,,,,,,,,,,,,,15,1,100,1,,,1,ic_mon093_b,,,,
4564,吕村守卫,0,1.1;1.1;1.1,1,mon093_c,,,Bip01 Spine,,5,,,,,,,,,,,,,,15,1,100,1,,,1,ic_mon093_c,,,,
4565,吕村精兵,0,1.1;1.1;1.1,1,mon093_d,,,Bip01 Spine,,5,,,,,,,,,,,,,,15,1,100,1,,,1,ic_mon093_d,,,,
4566,家将,0,1.2;1.2;1.2,1,mon094_a,,,Bip01 Spine,,5,,,,,,,,,,,,,,15,1,100,1,,,1,ic_mon094_a,,,,
4567,陈家教头,0,1.2;1.2;1.2,1,mon094_b,,,Bip01 Spine,,5,,,,,,,,,,,,,,15,1,100,1,,,1,ic_mon094_b,,,,
4568,吕村保镖,0,1.2;1.2;1.2,1,mon094_c,,,Bip01 Spine,,5,,,,,,,,,,,,,,15,1,100,1,,,1,ic_mon094_c,,,,
4569,戴家场乡勇,0,1;1;1,1,mon095,,,Bip01 Spine,,5,,,,,,,,,,,,,,15,1,125,1,,,1,ic_mon095,,,,
4570,烈火祖师门人,0,1.3;1.3;1.3,1,mon096,,,Bip01 Spine,,5,,,,,,,,,,,,,,15,1,114,1,,,1,ic_mon096,,,,
4571,南疆降头师,0,1.3;1.3;1.3,1,mon097,,,Bip01 Spine,,5,,,,,,,,,,,,,,15,1,125,1,,,1,ic_mon097,,,,
4572,霹雳手 尉迟元,0,1.5;1.5;1.5,1,mon098,,,Bip01 Spine,,5,,,,,,,,,,,,,,15,1,131,1,,,1,ic_mon098,,,,
4573,五花蜂 崔天绶,0,1.3;1.3;1.3,1,mon099,,,Bip01 Spine,,5,,,,,,,,,,,,,,15,1,140,1,,,1,ic_mon099,,,,
4574,陈家二庄主 陈长谷,0,1.1;1.1;1.1,1,mon100,,,Bip01 Spine,,5,,,,,,,,,,,,,,15,1,112,1,,,1,ic_mon100,,,,
4575,金头狸子 吕四,0,1.6;1.6;1.6,1,mon101,,,Bip01 Spine,,5,,,,,,,,,,,,,,15,1,106,1,,,1,ic_mon101,,,,
4576,霹雳火 吕三,0,1.6;1.6;1.6,1,mon102,,,Bip01 Spine,,5,,,,,,,,,,,,,,15,1,112,1,,,1,ic_mon102,,,,
4577,假头陀 姚元,0,1.5;1.5;1.5,1,mon103,,,Bip01 Spine,,5,,,,,,,,,,,,,,15,1,100,1,,,1,ic_mon103,,,,
4578,花花道人 姚素修,0,1.2;1.2;1.2,1,mon104,,,Bip01 Spine,,5,,,,,,,,,,,,,,15,1,125,1,,,1,ic_mon104,,,,
4579,罗文林,0,2.8;2.8;2.8,1,boss033,,,Bip01 Spine,,5,,,,,,,,,,,,,,15,1,106,1,,,1,ic_boss033,,,,
4580,山人姚开江,0,2.2;2.2;2.2,1,boss034,,,Bip_boss034 Spine1,,5,,,,,,,eff_boss034,root,,,,,,15,1,106,1,,,1,ic_boss034,,,,
4581,追魂太岁,0,2.2;2.2;2.2,1,boss035,,,Bip_boss035 Spine,,5,,,,,,,,,,,,,,15,1,112,1,,,1,ic_boss035,,,,
4582,火蝙蝠,0,2.2;2.2;2.2,1,boss036,,,Bip01 Spine,,5,,,,,,,,,,,,,,15,1,112,1,,,1,ic_boss036,,,,
4583,郭云噗,0,3;3;3,1,boss037,,,Bip01 Spine,,5,,,,,,,eff_boss037,root,,,,,,15,1,0,1,,,1,ic_boss037,,,,
4584,金毒莲,0,1;1;1,1,npc099,,,,,5,,,,,,,,,,,,,,15,1,80,1,,,1,ic_npc099,,,,
4585,登萍仙子,0,1;1;1,1,npc102,,,,,5,,,,,,,,,,,,,,15,1,60,1,,,1,ic_npc102,,,,
4586,白琦,0,1;1;1,1,npc103,,,,,5,,,,,,,,,,,,,,15,1,80,1,,,1,ic_npc103,,,,
4587,黄玄极,0,1;1;1,1,npc105,,,,,5,,,,,,,,,,,,,,15,1,80,1,,,1,ic_npc105,,,,
4588,财神爷,0,1;1;1,1,npc113,,,,,5,,,,,,,,,,,,,,15,1,80,1,,,1,ic_npc113,,,,
4589,招财鼠,0,0.55;0.55;0.55,1,npc114,,,,,5,,,,,,,,,,,,,,15,1,80,1,,,1,ic_npc114,,,,
4590,招财鼠,0,0.55;0.55;0.55,1,npc114b,,,,,5,,,,,,,,,,,,,,15,1,80,1,,,1,ic_npc114_b,,,,
4591,年兽,0,4;4;4,1,mon031,,mon031_b,Bip_mon031 Spine,,5,,,,,,,,,,,,,,15,1,284,1,,,1,ic_mon031_b,,,,
4592,金元宝,0,0.8;0.8;0.8,1,npc115,,,,,5,,,,,,,,,,,,,,15,1,80,1,,,1,ic_npc114,,,,
4593,春联,0,0.5;0.5;0.5,1,npc116,,,,,5,,,,,,,,,,,,,,15,1,80,1,,,1,ic_npc114_b,,,,
4594,小虎,0,1;1;1,1,ride007,,,,,5,,,,,,,,,,,,,,15,1,157,1,,,1,ic_mon026_b,,,,
4595,冰镜仙子,0,2.3;2.3;2.3,1,boss038,,,Bip_boss038 Spine,,5,,,,,,,,,,,,,,10,1,30,1,,,1,ic_boss038,,,,
4596,食人花妖,0,3;3;3,1,boss039,,,Boss039_03,,5,,,,,,,,,,,,,,10,1,50,1,,,1,ic_boss039,,,,
4597,天残老人,0,2;2;2,1,boss040,,,Bip01 Spine1,,5,,,,,,,,,,,,,,10,1,30,1,,,1,ic_boss040,,,,
4598,毒龙神将,0,2.4;2.4;2.4,1,boss041,,,Bip_boss041 Neck,,5,,,,,,,,,,,,,,10,1,40,1,,,1,ic_boss041,,,,
4599,龙头,0,1;1;1,1,npc117,,,root,,5,,,,,,,,,,,,,,15,1,0,4,npc117_die,,1,ic_chengmen,,,,
4600,透明门,0,1;1;1,1,npc118,,,,,5,,,,,,,,,,,,,,15,1,0,1,,,1,ic_npc118,,,,
4601,新版掌柜,0,1;1;1,1,npc010,,npc010_b,,,5,,,,,,,,,,,,,,15,1,,1,,,1,ic_npc010,,,,
4602,小鼠,0,1;1;1,1,pet008,,,,,5,,,,,,,,,,,,,,15,1,60,1,,,1,ic_pet008a,,,1,
4603,山地鼠,0,1;1;1,1,pet008_b,,,,,5,,,,,,,,,,,,,,15,1,60,1,,,1,ic_pet008b,,,1,
4604,强悍的山民,0,1.8;1.8;1.8,1,mon027_b,,,Bip_mon027 Spine,,5,iwmon027_b,Bwp01,,,,,,,,,,,,15,1,106,1,,,1,ic_mon027_b,,,,
4605,巨大毒蝇,0,1.8;1.8;1.8,1,mon025,,,Bmon025_25,,5,,,,,,,,,,,,,,15,1,80,1,,,1,ic_mon025,,,,
4606,邪教妖僧,0,1.5;1.5;1.5,1,mon008,,mon008_b,Bip_mon008 Spine1,,5,iwmon002_b,Bwp01,,,,,,,,,,,,15,1,94,1,,,1,ic_mon008_b,,,,
4607,矿石巨甲,0,1.3;1.3;1.3,1,mon047,,,bip_mon043 Spine,,5,,,,,,,,,,,,,,15,1,150,1,,,1,ic_mon047_b,,,,
4608,蛇怪统领,0,1.5;1.5;1.5,1,mon002,,,Bonecat28,,5,iwmon002_c,Bwp01,,,,,,,,,,,,15,2,80,1,,,1,ic_mon002_c,,,,
4609,妖女首领,0,1.3;1.3;1.3,1,mon016,mon016_c,,bip_mon016,,5,iwmon016_c,Bwp01,,iwmon016_c,Bwp02,,,,,,,,,15,1,100,1,,,1,ic_mon016_c,,,,
4610,幽冥鬼火,0,1.8;1.8;1.8,1,mon004,,,Box01,,5,,,,,,,,,,,,,,15,1,80,1,,,1,ic_mon004,,,,
4611,魔教侍卫长,0,1.8;1.8;1.8,1,mon063,,,Bip01 Spine,,5,,,,,,,,,,,,,,15,2,80,1,,,1,ic_mon063,,,,
4612,妖人炮长,0,1.3;1.3;1.3,1,mon061,,,Bip01 Spine,,5,,,,,,,eff_mon061_wait,,,,,,,15,2,80,1,,,1,ic_mon061,,,,
4613,巨型僵尸,0,1.8;1.8;1.8,1,mon070,,,Bip01 Spine,,5,,,,,,,,,,,,,,6,1,100,1,,,1,ic_mon070,,,,
4614,猪脸猫王,0,8;8;8,1,mon022,,,Bip_mon022 Spine2,,5,,,,,,,,,,,,,,6,2,120,1,,,1,ic_mon022,,,,
4615,黑心蟑螂,0,4.5;4.5;4.5,1,mon023,,,Bmon023_00,,5,,,,,,,,,,,,,,6,2,80,1,,,1,ic_mon023,,,,
4616,血树鬼灵,0,3;3;3,1,mon065_c,,,Box01,,5,,,,,,,eff_mon065_wait,Box01,,,,,,6,1,100,1,,,1,ic_mon065_a,,,,
4617,厉鬼僵尸,0,4;4;4,1,mon068,,,Bip01 Spine,,5,,,,,,,,,,,,,,6,1,60,1,,,1,ic_mon068,,,,
4618,江洋大盗,0,4.5;4.5;4.5,1,mon078,,,Bip01 Spine,,5,,,,,,,,,,,,,,6,1,113,1,,,1,ic_mon078,,,,
4619,蒙面匪徒,0,2.5;2.5;2.5,1,mon014,mon014_a,,Bip_mon014,,5,iwmon014_a,Bwp01,,,,,,,,,,,,6,1,113,1,,,1,ic_mon014,,,,
4620,肉身,0,2;2;2,1,npc061_f,,,,,5,,,,,,,,,,,,,,15,1,70,1,,,1,ic_npc061_f,,,,
4621,徐岳,0,1.4;1.4;1.4,0.5,mon089,,,Bip01 Spine,,5,,,,,,,,,,,,,,15,1,34,1,,,1,ic_mon089,,,,
4622,霹雳手 尉迟元,0,1.5;1.5;1.5,0.5,mon098,,,Bip01 Spine,,5,,,,,,,,,,,,,,15,1,131,1,,,1,ic_mon098,,,,
4623,五花蜂 崔天绶,0,1.3;1.3;1.3,0.5,mon099,,,Bip01 Spine,,5,,,,,,,,,,,,,,15,1,140,1,,,1,ic_mon099,,,,
4624,陈家二庄主 陈长谷,0,1.1;1.1;1.1,0.5,mon100,,,Bip01 Spine,,5,,,,,,,,,,,,,,15,1,112,1,,,1,ic_mon100,,,,
4625,金头狸子 吕四,0,1.6;1.6;1.6,0.5,mon101,,,Bip01 Spine,,5,,,,,,,,,,,,,,15,1,106,1,,,1,ic_mon101,,,,
4626,霹雳火 吕三,0,1.6;1.6;1.6,0.5,mon102,,,Bip01 Spine,,5,,,,,,,,,,,,,,15,1,112,1,,,1,ic_mon102,,,,
4627,BOSS下棋,0,1.4;1.4;1.4,1,boss036_a,,,,,5,,,,,,,,,,,,,,15,1,112,1,,,1,ic_default_face,,,,
4628,大蛇,0,2;2;2,0.6,mon001,mon001_a,,Bone06,,5,,,,,,,,,,,,,,15,2,80,1,,,1,ic_mon002,,,,
4629,郭云噗,0,3;3;3,0.3,boss037,,,Bip01 Spine,,5,,,,,,,eff_boss037,,,,,,,15,1,0,1,,,1,ic_boss037,,,,
4630,大本营,0,3;3;3,1,npc120,,,Bip_npc066 Spine,,5,,,,,,,,,,,,,,15,1,,3,,,1,ic_npc120,,,,
4631,蜘蛛炮台,0,1.5;1.5;1.5,1,npc121,,,Bmon050_00,,5,,,,,,,,,,,,,,15,1,,3,,,1,ic_npc121,,,,
4632,猴子炮台,0,2;2;2,1,npc122,,,Bip_mon030 Spine1,,5,,,,,,,,,,,,,,15,1,,3,,,1,ic_npc122,,,,
4633,章鱼炮台,0,2;2;2,1,npc123,,,Bone02,,5,,,,,,,,,,,,,,15,1,,3,,,1,ic_npc123,,,,
4634,治疗棒,0,1;1;1,1,npc124,,,root,,5,,,,,,,,,,,,,,15,1,,3,,,1,ic_default_face,,,,
4635,温泉,0,1;1;1,1,npc125,,,root,,5,,,,,,,,,,,,,,15,1,,3,,,1,ic_default_face,,,,
4636,雷气罩,0,1;1;1,1,npc119,,,root,,5,,,,,,,,,,,,,,15,1,,3,,,1,ic_default_face,,,,
4637,鬼灵,0,4;4;4,1,boss045,,,Bip01 Spine,,5,,,,,,,,,,,,,,10,1,80,4,eff_mon006_die,,1,ic_boss045,,,,
4638,千年老蝎,0,4.5;4.5;4.5,1,boss046,,,Bone49,,5,,,,,,,,,,,,,,10,1,80,1,,,1,ic_boss046,,,,
4639,万年火蛛,0,4;4;4,1,boss047,,,boss047_00,,5,,,,,,,,,,,,,,10,1,80,1,,,1,ic_boss047,,,,
4640,魔战机甲,0,4;4;4,1,boss048,,,b_hit,,,,,,,,,,,,,,,,10,1,80,1,,,,ic_boss048,,,,
4641,巨毒文蛛,0,4.5;4.5;4.5,1,boss049,,,b_hit,,5,,,,,,,,,,,,,,10,1,100,1,,,1,ic_boss049,,,,
4642,冰芒蝎,0,1.5;1.5;1.5;,1,mon110,,,Bone49,,5,,,,,,,,,,,,,,10,1,80,1,,,1,ic_mon110,,,,
4643,火焰蛛,0,1.5;1.5;1.5;,1,mon111,,,Bone63,,5,,,,,,,,,,,,,,10,1,80,1,,,1,ic_mon111,,,,
4644,琉璃蝎偶,0,1.5;1.5;1.5;,1,mon112,,,Bone49,,5,,,,,,,,,,,,,,10,1,80,1,,,1,ic_mon112,,,,
4645,黄铜蛛偶,0,1.5;1.5;1.5;,1,mon113,,,Bone63,,5,,,,,,,,,,,,,,10,1,80,1,,,1,ic_mon113,,,,
4646,吕村冤魂,0,1.2;1.2;1.2,0.5,mon093_d,,,Bip01 Spine,,5,,,,,,,,,,,,,,15,1,100,1,,,1,ic_mon093_d,,,,
4647,鬼灵护卫,0,1.3;1.3;1.3,0.5,mon094_c,,,Bip01 Spine,,5,,,,,,,,,,,,,,15,1,100,1,,,1,ic_mon094_c,,,,
4648,小年兽,0,0.3;0.3;0.3,1,mon031,,mon031_b,Bip_mon031 Spine,,5,,,,,,,,,,,,,,15,1,284,1,,,1,ic_mon031_b,,,1,
4649,牛牛大侠,0,0.55;0.55;0.55,1,npc127,,,,,5,,,,,,,,,,,,,,15,1,80,1,,,1,ic_npc127,,,,
4650,牛牛侠女,0,0.55;0.55;0.55,1,npc128,,,,,5,,,,,,,,,,,,,,15,1,80,1,,,1,ic_npc128,,,,
4651,春节大侠,0,1;1;1,1,npc126,,,Bip01 Spine,,5,,,,,,,,,,,,,,15,1,112,1,,,1,ic_npc126,,,,
4652,精英桂树妖,0,1;1;1,1,mon033,,mon033_c,bip_mon033 Spine,,5,,,,,,,,,,,,,,15,1,85,1,,,1,ic_mon033,,,,
4653,朱洪贴身随从,0,1.6;1.6;1.6,1,mon114,,,b_hit,,5,,,,,,,,,,,,,,20,1,110,1,,,1,ic_mon114,,,,
4654,朱洪之妻,0,3.5;3.5;3.5,1,boss050,,,b_hit,,5,,,,,,,,,,,,,,20,1,120,1,,,1,ic_boss050,,,,
4655,异化狼人,0,1.6;1.6;1.6,1,mon066,,,bip_mon066 Spine1,,5,,,,,,,,,,,,,,15,2,56,1,,,1,ic_mon009_e,,,,
4656,四金钢,0,1.5;1.5;1.5,1,mon008,,mon008_b,Bip_mon008 Spine1,,5,iwmon002_b,Bwp01,,,,,,,,,,,,15,1,94,1,,,1,ic_mon008_b,,,,
4657,竹林蛇王,0,1.5;1.5;1.5,1,mon001,,,Bone06,,5,,,,,,,,,,,,,,15,2,80,1,,,1,ic_mon001,,,,
,,,,,,,,,,,,,,,,,,,,,,,,,,,,,,,,,,,
4968,月龙村暴徒,0,1.2;1.2;1.2,1,mon090,,mon130,Bip01 Spine,,5,,,,,,,,,,,,,,15,1,112,1,,,1,ic_mon090,,,,
4969,月龙村匪帮,0,1.1;1.1;1.1,1,mon131,,,Bip01 Spine,,5,,,,,,,,,,,,,,15,1,100,1,,,1,ic_mon093_a,,,,
4970,金角大王乌拉宝,0,1;1;1,1,boss015,mon132,,bip_boss015 Spine,,5,,,,,,,,,,,,,,15,1,105,1,,,1,ic_mon132,,,,
4971,乌蛇,0,1;1;1,1,mon001,mon143,,Bone06,,5,,,,,,,,,,,,,,15,2,80,1,,,1,ic_mon143,,,,
4972,麝,0,1.5;1.5;1.5,1,mon137,,,Bip01 Spine1,,5,,,,,,,,,,,,,,15,2,80,1,,,1,ic_mon137,,,,
4973,月龙果,0,1;1;1,1,npc042,,,,,5,,,,,,,,,,,,,,15,1,,1,,,1,ic_npc099,,,,
4974,野果树,0,1;1;1,1,npc031,,,,,5,,,,,,,,,,,,,,15,1,,1,,,1,ic_npc099,,,,
4975,月龙护卫,0,1;1;1,1,boss008,mon125,,Bip_boss008 Spine,,5,iwboss008,Bwp01,,,,,,,,,,,,15,1,163,1,,,1,ic_mon125,,,,
4976,百蛮山布衣弟子,0,1;1;1,1,mon015,mon133,,Bip_mon015,,5,iwmon015_i,Bwp01,,,,,,,,,,,,15,1,100,1,,,1,ic_mon133,,,,
4977,银角大王海拉布,0,1;1;1,1,boss014,mon138,,bip_boss014 Spine,,5,iwboss014,Bwp01,,,,,,,,,,,,15,1,170,1,,,1,ic_mon138,,,,
4978,箱子,0,1;1;1,1,npc012,,,,,5,,,,,,,,,,,,,,15,1,,1,,,1,ic_npc012,,,,
4979,月龙斗士,0,1.5;1.5;1.5,1,mon098,mon126,,Bip01 Spine,,5,,,,,,,,,,,,,,15,1,131,1,,,1,ic_mon126,,,,
4980,四门山恶汉,0,1;1;1,1,mon008,,mon119,Bip_mon008 Spine1,,5,iwmon002_a,Bwp01,,,,,,,,,,,,15,1,94,1,,,1,ic_mon119,,,,
4981,四门山修士,0,1.3;1.3;1.3,1,mon120,,,Bip01 Spine,,5,,,,,,,,,,,,,,15,1,125,1,,,1,ic_mon097,,,,
4982,月龙村内鬼,0,1;1;1,1,mon121,mon015_d,,Bip_mon015,,5,iwmon015_d,Bwp01,,,,,,,,,,,,15,1,100,1,,,1,ic_mon015_d,,,,
4983,妖道塔格尔,0,1.2;1.2;1.2,1,mon076,mon134,,Bip_mon076 Spine,,5,,,,,,,,,,,,,,15,1,100,1,,,1,ic_mon134,,,,
4984,百蛮山地精,0,1;1;1,1,mon049,mon139,mon049_a,Bone02,,5,,,,,,,,,,,,,,15,2,80,2,,,1,ic_mon139,,,,
4985,灵芝仙,0,1;1;1,1,mon020,,,Bip_mon020 Spine1,,5,,,,,,,,,,,,,,15,1,80,1,,,1,ic_mon020,,,,
4986,枯木怪,0,1.25;1.25;1.25,1,mon144,,,Bmon010_02,,5,,,,,,,,,,,,,,15,1,80,1,,,1,ic_mon144,,,,
4987,妖气魂魄,0,1.3;1.3;1.3,1,mon140,,,Box01,,5,,,,,,,eff_mon065_wait,Box01,,,,,,15,1,100,1,,,1,ic_mon140,,,,
4988,月龙勇士,0,1.3;1.3;1.3,1,mon099,mon127,,Bip01 Spine,,5,,,,,,,,,,,,,,15,1,140,1,,,1,ic_mon127,,,,
4989,九色鹿,0,2;2;2,1,mon152,,,Bip01 Spine1,,5,,,,,,,,,,,,,,15,2,80,1,,,1,ic_mon152,,,,
4990,九尾银狐,0,1.3;1.3;1.3,1,mon062,mon135,,Bip_mon009 Spine1,,5,,,,,,,,,,,,,,15,2,88,1,,,1,ic_mon062,,,,
4991,血蝙蝠,0,1.3;1.3;1.3,1,mon043,mon150,,Bip01 Spine1,,5,,,,,,,,,,,,,,15,1,60,1,,,1,ic_mon043_b,,,,
4992,腥红毒蝎,0,1.3;1.3;1.3,1,mon151,,,Bone49,,5,,,,,,,,,,,,,,10,1,80,1,,,1,ic_mon151,,,,
4993,百蛮山入门弟子,0,1.3;1.3;1.3,1,mon048_a,,mon149,Bip01 Spine,,5,,,,,,,,,,,,,,15,1,125,1,,,1,ic_mon048_a,,,,
4994,石像怪,0,1.3;1.3;1.3,1,mon145,,,Bip01 Spine,,5,,,,,,,,,,,,,,15,1,110,4,eff_mon145_die,,1,ic_mon145,,,,
4995,月龙侠客,0,1.4;1.4;1.4,1,mon089,,mon128,Bip01 Spine,,5,,,,,,,,,,,,,,15,1,34,1,,,1,ic_mon128,,,,
4996,黑风老妖分身,0,1.5;1.5;1.5,1,boss003,,,Boss003_00,Boss003_03,5,iwboss003,Bwp01,,,,,,,,,,,,15,1,80,4,eff_boss003_die,,1,ic_boss003,,,,
4997,黑风老妖分身,0,1.5;1.5;1.5,1,boss003,,,Boss003_00,Boss003_03,5,iwboss003,Bwp01,,,,,,,,,,,,15,1,80,4,eff_boss003_die,,1,ic_boss003,,,,
4998,黑风老妖,0,1.5;1.5;1.5,1,boss003,,,Boss003_00,Boss003_03,5,iwboss003,Bwp01,,,,,,,,,,,,15,1,80,4,eff_boss003_die,,1,ic_boss003,,,,
4999,五台派帮众,0,1.3;1.3;1.3,1,mon014,mon122,,Bip_mon014,,5,iwmon014_a,Bwp01,,,,,,,,,,,,15,1,113,1,,,1,ic_mon122_a,,,,
5000,五台派力士,0,1.25;1.25;1.25,1,mon073,mon123,,Bip01 Spine,,5,,,,,,,,,,,,,,15,1,108,1,,,1,ic_mon123,,,,
5001,朱洪,0,1.5;1.5;1.5,1,boss007,mon124,,bip_boss007,,5,iwboss007,Box01,,,,,,,,,,,,15,1,138,1,,,1,ic_mon124,,,,
5002,月龙霸主,0,1.6;1.6;1.6,1,mon129,,,Bip01 Spine,,5,,,,,,,,,,,,,,15,1,112,1,,,1,ic_mon129,,,,
5003,狮子天王龙化,0,1.5;1.5;1.5,1,boss006,mon136,,bip_boss006,,5,iwboss006,Bwp01,,,,,,,,,,,,15,1,138,1,,,1,ic_mon136,,,,
5004,地灵草,0,1;1;1,1,npc039,,,,,5,,,,,,,,,,,,,,15,1,,1,,,1,ic_npc099,,,,
5005,灵珠子,0,1.3;1.3;1.3,1,mon141,,,Box01,,5,,,,,,,,,,,,,,15,1,80,1,,,1,ic_mon004,,,,
5006,百年树精,0,1.3;1.3;1.3,1,npc066,,mon142,Bip_npc066 Spine,,5,,,,,,,,,,,,,,15,1,100,1,,,1,ic_mon142,,,,
5007,玄火雄狮,0,2;2;2;,1,mon146,,,b_hit,,5,,,,,,,,,,,,,,15,2,80,1,,,1,ic_mon146,,,,
5008,琉璃雄狮,0,2.8;2.8;2.8;,1,mon147,,,b_hit,,5,,,,,,,,,,,,,,15,2,80,4,eff_mon147_dead,,1,ic_mon147,,,,
5009,魔金狼骑,0,1.3;1.3;1.3,1,mon009,,mon148,B01,,5,,,,,,,,,,,,,,15,2,106,1,,,1,ic_mon148,,,,
5010,白云大师元神,0,1.3;1.3;1.3,0.3,npc002,,npc002_a,,,5,,,,,,,,,,,,,,15,1,,1,,,1,ic_npc002_a,,,,
5011,通臂神猿李宁元神,0,1.3;1.3;1.3,0.3,npc019,,npc019_b,,,5,,,,,,,,,,,,,,15,1,,1,,,1,ic_npc019_b,,,,
5012,餐霞大师元神,0,1.3;1.3;1.3,0.3,npc083,,,,,5,,,,,,,,,,,,,,15,1,80,1,,,1,ic_npc083,,,,
5013,追云叟白谷逸元神,0,1.3;1.3;1.3,0.3,npc019,,npc019_a,,,5,,,,,,,,,,,,,,15,1,,1,,,1,ic_npc019_a,,,,
5014,百禽道人公冶黄,0,1.3;1.3;1.3,0.3,npc105,,,,,5,,,,,,,,,,,,,,15,1,80,1,,,1,ic_npc105,,,,
5015,月龙卫士,0,1.3;1.3;1.3,1,npc061_x,,,,,5,,,,,,,,,,,,,,15,1,70,1,,,1,ic_npc061_x,,,,
5016,无名,0,1.2;1.2;1.2,1,npc061_q,,,,,5,,,,,,,,,,,,,,15,1,70,1,,,1,ic_npc061_q,,,,
5017,最后的勇士,0,1.3;1.3;1.3,1,npc008,npc008_c,,,,5,,,,,,,,,,,,,,15,1,,1,,,1,ic_npc008_c,,,,
5018,月龙先生,0,1.3;1.3;1.3,1,npc061_e,,,,,5,,,,,,,,,,,,,,15,1,70,1,,,1,ic_npc061_e,,,,
5019,画皮妖狐,0,3;3;3,1,mon062,,,Bip_mon009 Spine1,,5,,,,,,,,,,,,,,15,2,88,1,,,1,ic_mon062,,,,
5020,白云大师,0,1.6;1.6;1.6,1,npc002,,npc002_a,,,5,,,,,,,,,,,,,,15,1,,1,,,1,ic_npc002_a,,,,
5021,通臂神猿李宁,0,1.6;1.6;1.6,1,npc019,,npc019_b,,,5,,,,,,,,,,,,,,15,1,,1,,,1,ic_npc019_b,,,,
5022,餐霞大师元神,0,1.6;1.6;1.6,1,npc083,,,,,5,,,,,,,,,,,,,,15,1,80,1,,,1,ic_npc083,,,,
5023,追云叟白谷逸,0,1.6;1.6;1.6,1,npc019,,npc019_a,,,5,,,,,,,,,,,,,,15,1,,1,,,1,ic_npc019_a,,,,
5024,百禽道人公冶黄,0,1.6;1.6;1.6,1,npc105,,,,,5,,,,,,,,,,,,,,15,1,80,1,,,1,ic_npc105,,,,
5025,老虎,0,1;1;1,1,ride001,,,,,5,,,,,,,,,,,,,,15,1,80,1,,,1,ic_default_face,,,1,
5026,老虎,0,1;1;1,1,ride002,,,,,5,,,,,,,,,,,,,,15,1,80,1,,,1,ic_default_face,,,1,
5027,老虎,0,1;1;1,1,ride003,,,,,5,,,,,,,,,,,,,,15,1,80,1,,,1,ic_default_face,,,1,
5028,小白虎,0,1;1;1,1,ride004,,,,,5,,,,,,,,,,,,,,15,1,80,1,,,1,ic_default_face,,,1,
5029,小白虎,0,1;1;1,1,ride005,,,,,5,,,,,,,,,,,,,,15,1,80,1,,,1,ic_default_face,,,1,
5030,小白虎,0,1;1;1,1,ride006,,,,,5,,,,,,,,,,,,,,15,1,80,1,,,1,ic_default_face,,,1,
5031,蓝马,0,1;1;1,1,ride005_a,,,,,5,,,,,,,,,,,,,,15,1,80,1,,,1,ic_default_face,,,1,
5032,蓝马,0,1;1;1,1,ride005_b,,,,,5,,,,,,,,,,,,,,15,1,80,1,,,1,ic_default_face,,,1,
5033,蓝马,0,1;1;1,1,ride005_c,,,,,5,,,,,,,,,,,,,,15,1,80,1,,,1,ic_default_face,,,1,
5034,红马,0,1;1;1,1,ride005_a1,,,,,5,,,,,,,,,,,,,,15,1,80,1,,,1,ic_default_face,,,1,
5035,红马,0,1;1;1,1,ride005_b1,,,,,5,,,,,,,,,,,,,,15,1,80,1,,,1,ic_default_face,,,1,
5036,红马,0,1;1;1,1,ride005_c1,,,,,5,,,,,,,,,,,,,,15,1,80,1,,,1,ic_default_face,,,1,
5037,白熊,0,1;1;1,1,ride004_a,,,,,5,,,,,,,,,,,,,,15,1,80,1,,,1,ic_default_face,,,1,
5038,白熊,0,1;1;1,1,ride004_b,,,,,5,,,,,,,,,,,,,,15,1,80,1,,,1,ic_default_face,,,1,
5039,白熊,0,1;1;1,1,ride004_c,,,,,5,,,,,,,,,,,,,,15,1,80,1,,,1,ic_default_face,,,1,
5040,月熊,0,1;1;1,1,ride004_a1,,,,,5,,,,,,,,,,,,,,15,1,80,1,,,1,ic_default_face,,,1,
5041,月熊,0,1;1;1,1,ride004_b1,,,,,5,,,,,,,,,,,,,,15,1,80,1,,,1,ic_default_face,,,1,
5042,月熊,0,1;1;1,1,ride004_c1,,,,,5,,,,,,,,,,,,,,15,1,80,1,,,1,ic_default_face,,,1,
5043,小虎,0,1;1;1,1,ride007,,,,,5,,,,,,,,,,,,,,15,1,80,1,,,1,ic_default_face,,,1,
5044,海麒麟,0,1;1;1,1,ride010_a1,,,,,5,,,,,,,,,,,,,,15,1,80,1,,,1,ic_default_face,,,1,
5045,海麒麟,0,1;1;1,1,ride010_b1,,,,,5,,,,,,,,,,,,,,15,1,80,1,,,1,ic_default_face,,,1,
5046,海麒麟,0,1;1;1,1,ride010_c1,,,,,5,,,,,,,,,,,,,,15,1,80,1,,,1,ic_default_face,,,1,
5047,火麒麟,0,1;1;1,1,ride010_a2,,,,,5,,,,,,,,,,,,,,15,1,80,1,,,1,ic_default_face,,,1,
5048,火麒麟,0,1;1;1,1,ride010_b2,,,,,5,,,,,,,,,,,,,,15,1,80,1,,,1,ic_default_face,,,1,
5049,火麒麟,0,1;1;1,1,ride010_c2,,,,,5,,,,,,,,,,,,,,15,1,80,1,,,1,ic_default_face,,,1,
5050,宝莲台,0,1;1;1,1,ride013_a1,,,,,5,,,,,,,,,,,,,,15,1,80,1,,,1,ic_default_face,,,1,
5051,宝莲台,0,1;1;1,1,ride013_b1,,,,,5,,,,,,,,,,,,,,15,1,80,1,,,1,ic_default_face,,,1,
5052,宝莲台,0,1;1;1,1,ride013_c1,,,,,5,,,,,,,,,,,,,,15,1,80,1,,,1,ic_default_face,,,1,
5053,亮银台,0,1;1;1,1,ride013_a2,,,,,5,,,,,,,,,,,,,,15,1,80,1,,,1,ic_default_face,,,1,
5054,亮银台,0,1;1;1,1,ride013_b2,,,,,5,,,,,,,,,,,,,,15,1,80,1,,,1,ic_default_face,,,1,
5055,亮银台,0,1;1;1,1,ride013_c2,,,,,5,,,,,,,,,,,,,,15,1,80,1,,,1,ic_default_face,,,1,
5056,银狼,0,1;1;1,1,ride016a_1,,,,,5,,,,,,,,,,,,,,15,1,80,1,,,1,ic_default_face,,,1,
5057,银狼,0,1;1;1,1,ride016a_2,,,,,5,,,,,,,,,,,,,,15,1,80,1,,,1,ic_default_face,,,1,
5058,银狼,0,1;1;1,1,ride016a_3,,,,,5,,,,,,,,,,,,,,15,1,80,1,,,1,ic_default_face,,,1,
5059,火狼,0,1;1;1,1,ride016b_1,,,,,5,,,,,,,,,,,,,,15,1,80,1,,,1,ic_default_face,,,1,
5060,火狼,0,1;1;1,1,ride016b_2,,,,,5,,,,,,,,,,,,,,15,1,80,1,,,1,ic_default_face,,,1,
5061,火狼,0,1;1;1,1,ride016b_3,,,,,5,,,,,,,,,,,,,,15,1,80,1,,,1,ic_default_face,,,1,
5062,海潮粒子,0,1;1;1,1,eff_e_skill13_mod,,,,,5,,,,,,,,,,,,,,15,1,80,1,,,1,ic_default_face,,,1,
5063,稻草人男,0,1.1;1.1;1.1,1,npc143,,,,,5,,,,,,,,,,,,,,15,1,80,1,,,1,ic_npc143,,,1,
5064,稻草人女,0,1;1;1,1,npc144,,,,,5,,,,,,,,,,,,,,15,1,80,1,,,1,ic_npc144,,,1,
5065,熊猫人男,0,1.3;1.3;1.3,1,npc145,,,,,5,,,,,,,,,,,,,,15,1,80,1,,,1,ic_npc145,,,1,
5066,熊猫人女,0,1.1;1.1;1.1,1,npc146,,,,,5,,,,,,,,,,,,,,15,1,80,1,,,1,ic_npc146,,,1,
5067,火,0,4;4;4,1,huo,,,,,5,,,,,,,,,,,,,,15,1,80,1,,,1,ic_default_face,,,,
5068,粽子人,0,1;1;1,1,npc140,,,,,5,,,,,,,,,,,,,,15,1,80,1,,,1,ic_npc140,,,,
5069,龙舟人,0,1;1;1,1,npc141,,,,,5,,,,,,,,,,,,,,15,1,80,1,,,1,ic_npc141,,,,
5070,蛇女,0,1;1;1,1,npc142,,,,,5,,,,,,,,,,,,,,15,1,80,1,,,1,ic_npc142,,,,
5071,粽子,0,1;1;1,1,npc135,,,,,5,,,,,,,,,,,,,,15,1,80,1,,,1,ic_npc142,,,,
5072,龙舟,0,1;1;1,1,npc136,,,,,5,,,,,,,,,,,,,,15,1,80,1,,,1,ic_npc142,,,,
5073,龙柱,0,1;1;1,1,npc137,,,,,5,,,,,,,,,,,,,,15,1,80,1,,,1,ic_npc142,,,,
5074,对联1,0,1;1;1,1,npc138,,,,,5,,,,,,,,,,,,,,15,1,80,1,,,1,ic_npc142,,,,
5075,对联2,0,1;1;1,1,npc139,,,,,5,,,,,,,,,,,,,,15,1,80,1,,,1,ic_npc142,,,,
5076,滇西土兵,0,1;1;1,1,mon001,mon001_a,,Bone06,,5,,,,,,,,,,,,,,15,2,80,1,,,1,ic_mon002,,,,
5077,乌金\砂兽,0,1;1;1,1,mon001,mon001_a,,Bone06,,5,,,,,,,,,,,,,,15,2,80,1,,,1,ic_mon002,,,,
5078,滇西武士,0,1;1;1,1,mon001,mon001_a,,Bone06,,5,,,,,,,,,,,,,,15,2,80,1,,,1,ic_mon002,,,,
5079,南蛮弓箭手,0,1;1;1,1,mon001,mon001_a,,Bone06,,5,,,,,,,,,,,,,,15,2,80,1,,,1,ic_mon002,,,,
5080,火眼狻猊,0,1;1;1,1,mon001,mon001_a,,Bone06,,5,,,,,,,,,,,,,,15,2,80,1,,,1,ic_mon002,,,,
5081,毒龙侍者,0,1;1;1,1,mon001,mon001_a,,Bone06,,5,,,,,,,,,,,,,,15,2,80,1,,,1,ic_mon002,,,,
5082,毒龙怪,0,1;1;1,1,mon001,mon001_a,,Bone06,,5,,,,,,,,,,,,,,15,2,80,1,,,1,ic_mon002,,,,
5083,金针圣女,0,1;1;1,1,mon001,mon001_a,,Bone06,,5,,,,,,,,,,,,,,15,2,80,1,,,1,ic_mon002,,,,
5084,绿毛三头犬,0,1;1;1,1,mon001,mon001_a,,Bone06,,5,,,,,,,,,,,,,,15,2,80,1,,,1,ic_mon002,,,,
5085,符咒女妖,0,1;1;1,1,mon001,mon001_a,,Bone06,,5,,,,,,,,,,,,,,15,2,80,1,,,1,ic_mon002,,,,
5086,鬼符天师,0,1;1;1,1,mon001,mon001_a,,Bone06,,5,,,,,,,,,,,,,,15,2,80,1,,,1,ic_mon002,,,,
5087,先天风灵,0,1;1;1,1,mon001,mon001_a,,Bone06,,5,,,,,,,,,,,,,,15,2,80,1,,,1,ic_mon002,,,,
5088,鬼风灵,0,1;1;1,1,mon001,mon001_a,,Bone06,,5,,,,,,,,,,,,,,15,2,80,1,,,1,ic_mon002,,,,
5089,冥府道长,0,1;1;1,1,mon001,mon001_a,,Bone06,,5,,,,,,,,,,,,,,15,2,80,1,,,1,ic_mon002,,,,
5090,鬼火炎魔(上),0,1;1;1,1,mon001,mon001_a,,Bone06,,5,,,,,,,,,,,,,,15,2,80,1,,,1,ic_mon002,,,,
5091,鬼火炎魔(中),0,1;1;1,1,mon001,mon001_a,,Bone06,,5,,,,,,,,,,,,,,15,2,80,1,,,1,ic_mon002,,,,
5092,鬼火炎魔(下),0,1;1;1,1,mon001,mon001_a,,Bone06,,5,,,,,,,,,,,,,,15,2,80,1,,,1,ic_mon002,,,,
5093,小长臂魔,0,1;1;1,1,mon001,mon001_a,,Bone06,,5,,,,,,,,,,,,,,15,2,80,1,,,1,ic_mon002,,,,
5094,莽牯朱蟾,0,1;1;1,1,mon001,mon001_a,,Bone06,,5,,,,,,,,,,,,,,15,2,80,1,,,1,ic_mon002,,,,
5095,邪恶的巫蛊奴,0,1;1;1,1,mon001,mon001_a,,Bone06,,5,,,,,,,,,,,,,,15,2,80,1,,,1,ic_mon002,,,,
5096,善良的巫蛊奴,0,1;1;1,1,mon001,mon001_a,,Bone06,,5,,,,,,,,,,,,,,15,2,80,1,,,1,ic_mon002,,,,
5097,天元幽幻蛊,0,1;1;1,1,mon001,mon001_a,,Bone06,,5,,,,,,,,,,,,,,15,2,80,1,,,1,ic_mon002,,,,
5098,八臂蜈蚣人,0,1;1;1,1,mon001,mon001_a,,Bone06,,5,,,,,,,,,,,,,,15,2,80,1,,,1,ic_mon002,,,,
5099,巨形蜈蚣人,0,1;1;1,1,mon001,mon001_a,,Bone06,,5,,,,,,,,,,,,,,15,2,80,1,,,1,ic_mon002,,,,
5100,长臂魔族长,0,1;1;1,1,mon001,mon001_a,,Bone06,,5,,,,,,,,,,,,,,15,2,80,1,,,1,ic_mon002,,,,
5101,小赤蛛,0,1;1;1,1,mon001,mon001_a,,Bone06,,5,,,,,,,,,,,,,,15,2,80,1,,,1,ic_mon002,,,,
5102,凝血刀客,0,1;1;1,1,mon001,mon001_a,,Bone06,,5,,,,,,,,,,,,,,15,2,80,1,,,1,ic_mon002,,,,
5103,赤色蛮牛,0,1;1;1,1,mon001,mon001_a,,Bone06,,5,,,,,,,,,,,,,,15,2,80,1,,,1,ic_mon002,,,,
5104,魔门斗士,0,1;1;1,1,mon001,mon001_a,,Bone06,,5,,,,,,,,,,,,,,15,2,80,1,,,1,ic_mon002,,,,
5105,冰晶邪婴,0,1;1;1,1,mon001,mon001_a,,Bone06,,5,,,,,,,,,,,,,,15,2,80,1,,,1,ic_mon002,,,,
5106,魔门巫师,0,1;1;1,1,mon001,mon001_a,,Bone06,,5,,,,,,,,,,,,,,15,2,80,1,,,1,ic_mon002,,,,
5107,滇边毒蝇,0,1;1;1,1,mon001,mon001_a,,Bone06,,5,,,,,,,,,,,,,,15,2,80,1,,,1,ic_mon002,,,,
5108,夜行山鬼,0,1;1;1,1,mon001,mon001_a,,Bone06,,5,,,,,,,,,,,,,,15,2,80,1,,,1,ic_mon002,,,,
5109,辛辰子亲兵,0,1;1;1,1,mon001,mon001_a,,Bone06,,5,,,,,,,,,,,,,,15,2,80,1,,,1,ic_mon002,,,,
5110,唐石亲兵,0,1;1;1,1,mon001,mon001_a,,Bone06,,5,,,,,,,,,,,,,,15,2,80,1,,,1,ic_mon002,,,,
5111,绿袍嫡传弟子,0,1;1;1,1,mon001,mon001_a,,Bone06,,5,,,,,,,,,,,,,,15,2,80,1,,,1,ic_mon002,,,,
5112,镇龙亭守卫,0,1;1;1,1,mon001,mon001_a,,Bone06,,5,,,,,,,,,,,,,,15,2,80,1,,,1,ic_mon002,,,,
5113,碧眼血魔,0,1;1;1,1,mon001,mon001_a,,Bone06,,5,,,,,,,,,,,,,,15,2,80,1,,,1,ic_mon002,,,,
5114,薛萍,0,1.5;1.5;1.5,1,boss007,mon124,,bip_boss007,,5,iwboss007,Box01,,,,,,,,,,,,15,1,138,1,,,1,ic_mon124,,,,
5115,钱青选,0,1.5;1.5;1.5,1,boss007,mon124,,bip_boss007,,5,iwboss007,Box01,,,,,,,,,,,,15,1,138,1,,,1,ic_mon124,,,,
5116,师文恭,0,1.5;1.5;1.5,1,boss007,mon124,,bip_boss007,,5,iwboss007,Box01,,,,,,,,,,,,15,1,138,1,,,1,ic_mon124,,,,
5117,史厉,0,1.5;1.5;1.5,1,boss007,mon124,,bip_boss007,,5,iwboss007,Box01,,,,,,,,,,,,15,1,138,1,,,1,ic_mon124,,,,
5118,郑元规,0,1.5;1.5;1.5,1,boss007,mon124,,bip_boss007,,5,iwboss007,Box01,,,,,,,,,,,,15,1,138,1,,,1,ic_mon124,,,,
5119,洞玄仙婆,0,1.5;1.5;1.5,1,boss007,mon124,,bip_boss007,,5,iwboss007,Box01,,,,,,,,,,,,15,1,138,1,,,1,ic_mon124,,,,
5120,洪长豹,0,1.5;1.5;1.5,1,boss007,mon124,,bip_boss007,,5,iwboss007,Box01,,,,,,,,,,,,15,1,138,1,,,1,ic_mon124,,,,
5121,雷卓子,0,1.5;1.5;1.5,1,boss007,mon124,,bip_boss007,,5,iwboss007,Box01,,,,,,,,,,,,15,1,138,1,,,1,ic_mon124,,,,
5122,随引,0,1.5;1.5;1.5,1,boss007,mon124,,bip_boss007,,5,iwboss007,Box01,,,,,,,,,,,,15,1,138,1,,,1,ic_mon124,,,,
5123,乔寿,0,1.5;1.5;1.5,1,boss007,mon124,,bip_boss007,,5,iwboss007,Box01,,,,,,,,,,,,15,1,138,1,,,1,ic_mon124,,,,
5124,梅鹿子,0,1.5;1.5;1.5,1,boss007,mon124,,bip_boss007,,5,iwboss007,Box01,,,,,,,,,,,,15,1,138,1,,,1,ic_mon124,,,,
5125,智文石,0,1;1;1,1,npc036,,,,,5,,,,,,,,,,,,,,15,,,,,,,,,,,
5126,赤光原石,0,1;1;1,1,npc036,,,,,5,,,,,,,,,,,,,,15,,,,,,,,,,,
5127,黑煞落魂砂,0,1;1;1,1,npc036,,,,,5,,,,,,,,,,,,,,15,,,,,,,,,,,
5128,失心草,0,1;1;1,1,npc036,,,,,5,,,,,,,,,,,,,,15,,,,,,,,,,,
5129,玄铁矿石,0,1;1;1,1,npc036,,,,,5,,,,,,,,,,,,,,15,,,,,,,,,,,
5130,赤蛛卵  ,0,1;1;1,1,npc036,,,,,5,,,,,,,,,,,,,,15,,,,,,,,,,,
5131,紫金鹏草,0,1;1;1,1,npc036,,,,,5,,,,,,,,,,,,,,15,,,,,,,,,,,
5132,石晶花,0,1;1;1,1,npc036,,,,,5,,,,,,,,,,,,,,15,,,,,,,,,,,
5133,冰魄银丝,0,1;1;1,1,npc036,,,,,5,,,,,,,,,,,,,,15,,,,,,,,,,,
5134,易静,0,1;1;1,1,npc004,,,,,5,,,,,,,,,,,,,,15,1,,1,,,1,ic_npc004,,,,
5135,佟元奇,0,1;1;1,1,npc004,,,,,5,,,,,,,,,,,,,,15,1,,1,,,1,ic_npc004,,,,
5136,百合,0,1;1;1,1,npc004,,,,,5,,,,,,,,,,,,,,15,1,,1,,,1,ic_npc004,,,,
5137,玄慧,0,1;1;1,1,npc004,,,,,5,,,,,,,,,,,,,,15,1,,1,,,1,ic_npc004,,,,
5138,佛门弟子,0,1;1;1,1,npc004,,,,,5,,,,,,,,,,,,,,15,1,,1,,,1,ic_npc004,,,,
5139,百花弟子,0,1;1;1,1,npc004,,,,,5,,,,,,,,,,,,,,15,1,,1,,,1,ic_npc004,,,,
5140,陆敏,0,1;1;1,1,npc004,,,,,5,,,,,,,,,,,,,,15,1,,1,,,1,ic_npc004,,,,
5141,姜庶,0,1;1;1,1,npc004,,,,,5,,,,,,,,,,,,,,15,1,,1,,,1,ic_npc004,,,,
5142,司徒明,0,1;1;1,1,npc004,,,,,5,,,,,,,,,,,,,,15,1,,1,,,1,ic_npc004,,,,
5143,尉迟火,0,1;1;1,1,npc004,,,,,5,,,,,,,,,,,,,,15,1,,1,,,1,ic_npc004,,,,
5144,元觉大师,0,1;1;1,1,npc004,,,,,5,,,,,,,,,,,,,,15,1,,1,,,1,ic_npc004,,,,
5145,68青城,0,1;1;1,1,npc004,,,,,5,,,,,,,,,,,,,,15,1,,1,,,1,ic_npc004,,,,
5146,68仙禽,0,1;1;1,1,npc004,,,,,5,,,,,,,,,,,,,,15,1,,1,,,1,ic_npc004,,,,
5147,伤员,0,1;1;1,1,npc004,,,,,5,,,,,,,,,,,,,,15,1,,1,,,1,ic_npc004,,,,
5148,巫蛊奴长老,0,1;1;1,1,npc004,,,,,5,,,,,,,,,,,,,,15,1,,1,,,1,ic_npc004,,,,
5149,异兽狂热者,0,1;1;1,1,npc004,,,,,5,,,,,,,,,,,,,,15,1,,1,,,1,ic_npc004,,,,
5150,冰凌仙参,0,1.5;1.5;1.5,1,boss007,mon124,,bip_boss007,,5,iwboss007,Box01,,,,,,,,,,,,15,1,138,1,,,1,ic_mon124,,,,
5151,灵芝,0,1.5;1.5;1.5,1,boss007,mon124,,bip_boss007,,5,iwboss007,Box01,,,,,,,,,,,,15,1,138,1,,,1,ic_mon124,,,,
